Gene,Liver_nTPM,Brain_nTPM
ALB,198523.8,0
MT-ATP8,150369.2,0
MT-ATP6,105626.8,0
MT-CO2,104658.5,0
MT-ND4,99476.1,0
MT-CO1,96595.8,0
MT-CO3,95172,0
MT-ND4L,75489.3,0
MT-ND3,70971.7,0
MT-CYB,57549.2,0
HP,55848.1,0
SAA1,54032.7,0
MT-ND2,52139.7,0
MT-ND1,43915.3,0
ORM1,42168.4,0
APOA2,33506.8,0
SAA2,31118.2,0
APOC3,28690.9,0
APOA1,20151,0
TTR,19858.2,0
APOC1,18659.9,0
FGA,17201.5,0
APOH,16781.5,0
FGB,16764.8,0
MT2A,15847.5,0
FGG,15475.1,0
FTL,14257.7,0
FABP1,12176.2,0
RBP4,11054,0
MT-ND6,10887.1,0
ALDOB,10467.2,0
AMBP,10227.4,0
CYP2E1,9697,0
MT-ND5,9524.4,0
CLU,9103.3,0
APOC2,8987.5,0
CRP,8524.7,0
SERPINA3,8462.6,0
ORM2,8192.9,0
GC,7722,0
APOE,6533.9,0
MT1G,6501.2,0
TPT1,6405.4,0
EEF1A1,6037.8,0
SELENOP,5860.1,0
ADH1B,5476.4,0
AHSG,5439.8,0
HRG,5081,0
C3,5062.4,0
HPX,4942.7,0
ADH4,4815.9,0
SERPINC1,4726.5,0
MT1X,4654,0
RPL41,4053.8,0
FGL1,3863.2,0
HAMP,3623.6,0
RPS27,3575.1,0
APCS,3389.4,0
CYP3A4,3367.1,0
FTH1,3283.9,0
IFITM3,3237,0
KNG1,2986.1,0
ANG,2816.4,0
UBB,2786.1,0
C1S,2663.1,0
RPS29,2640.2,0
GATM,2621.4,0
AZGP1,2621.1,0
ADH1A,2559.5,0
PLG,2479.5,0
GSTA1,2438.9,0
RPL10,2399.7,0
ATF5,2375.4,0
CFB,2370.8,0
RPS19,2369.1,0
HPD,2365.4,0
GAPDH,2360.5,0
CES1,2354.1,0
CYB5A,2306.7,0
TMSB4X,2200.6,0
RPL30,2188.8,0
RPL13,2105.1,0
SAA4,2067.9,0
RPS24,2058.2,0
RPL39,2056.8,0
ITIH2,2016.4,0
CYP2C8,2014.2,0
RPS12,1998.6,0
RPS11,1973,0
RPL37A,1969.9,0
PEBP1,1946.9,0
CFHR1,1937.3,0
RPL3,1932.9,0
GSTA2,1924.8,0
DCXR,1923.6,0
ASS1,1907.1,0
RPS20,1905.2,0
ACTB,1895.2,0
HBB,1882.9,0
PLA2G2A,1824,0
RPLP0,1795,0
C4BPA,1793.3,0
MT1E,1743.4,0
ITIH4,1743,0
C1R,1733.3,0
RPL26,1701,0
HSD17B6,1686.3,0
TMBIM6,1685.6,0
FN1,1614.4,0
CYP2C9,1607.6,0
RPL21,1585.4,0
RPL31,1580.2,0
TMEM176B,1555.3,0
AGT,1554.9,0
RPL17,1548.5,0
UBC,1544.6,0
SOD1,1537.1,0
RPL27A,1524.6,0
MT1M,1516.9,0
CYP2A6,1507.9,0
UGT2B7,1507.2,0
RPLP1,1506.9,0
SERPINF2,1497.5,0
RPL7,1487.3,0
RPS25,1480.3,0
IGKC,1471.2,0
RPL28,1436.2,0
RIDA,1435.3,0
RPS15A,1434.6,0
RPL19,1413.3,0
ITIH1,1407.7,0
CPB2,1387.2,0
RPS2,1351.4,0
RPL7A,1350.3,0
IFITM2,1338.2,0
LBP,1320.7,0
PAH,1316.7,0
PPIA,1314.2,0
RPS16,1308.1,0
APOC4-APOC2,1303.5,0
RPS10,1293.9,0
ECHS1,1285.7,0
SERF2,1285.1,0
RPS3A,1279.8,0
TMEM176A,1277.5,0
RPS6,1269.4,0
RPLP2,1267.8,0
CFHR2,1262.2,0
MAT1A,1259.5,0
RPL15,1254.7,0
RPS27A,1228.5,0
C9,1222.6,0
RPL32,1207.7,0
AGXT,1191.5,0
UGT2B4,1190.8,0
RPL18A,1189.4,0
TAT,1188.4,0
SERPIND1,1171.6,0
A2M,1168.9,0
ASGR1,1142.4,0
F2,1138.4,0
RPL29,1136.3,0
CD81,1132.7,0
FAU,1124.8,0
ARG1,1124.7,0
IGFBP1,1120.5,0
RPS15,1117.9,0
APOB,1114.1,0
RPL24,1108.4,0
DBI,1095,0
MYL6,1093.6,0
CD74,1093.3,0
RPL9,1085.3,0
MT1H,1081.3,0
ACSL1,1068.9,0
BHMT,1067.7,0
RPL38,1060.4,0
FMO3,1050.2,0
SCP2,1042.5,0
RPL34,1028.2,0
MT1F,1026.8,0
RPS13,1025.8,0
DDT,1021.2,0
SULT2A1,1005.4,0
LRG1,1004.2,0
RPS23,1000.8,0
CPS1,994.6,0
SLC27A5,989.3,0
RPS14,980.8,0
SDS,971.8,0
UQCRQ,967.1,0
RPS5,962.2,0
RPS21,960.7,0
RPL6,957.6,0
GPX3,953.2,0
CFI,917.6,0
RPSA,916.5,0
FTCD,914.3,0
ACAT1,905.7,0
HSD11B1,904.9,0
AFM,898.8,0
UBA52,886.3,0
AADAC,884.4,0
RPL23A,880.1,0
PPIB,867.3,0
MST1,864.2,0
GLUD1,860.3,0
ATP5ME,857.4,0
CST3,853.6,0
RPL4,852.4,0
HPN,849.7,0
PSAP,845.9,0
PLIN2,845.8,0
NACA,839.3,0
IL32,830.9,0
EEF1G,827.5,0
HSPE1,824.3,0
FBP1,819.2,0
RPL36,816,0
RDH16,812.5,0
ACTG1,810.1,0
RPL10A,805.1,0
UGP2,802.6,0
ITIH3,798.4,0
CYP4A11,794.7,0
RACK1,789.9,0
PRDX1,785.5,0
SLC2A2,781.9,0
CHCHD10,770,0
P4HB,762.1,0
PTMS,760.4,0
HPR,758.6,0
RPL5,742.5,0
TDO2,739.5,0
SAT1,734.7,0
SERPINA5,734.5,0
COX6A1,730.3,0
SERPINA6,725.8,0
PRAP1,718.1,0
CALR,716.5,0
HSPA8,713.3,0
ATP5PF,704.4,0
HGD,703.2,0
TMSB10,701.1,0
ERRFI1,695.4,0
HSP90B1,688.5,0
SPINK1,686.8,0
CERS2,683.9,0
GPX4,683,0
BAAT,674.5,0
AKR1C4,670.3,0
DUSP1,669.9,0
IGFBP3,668.2,0
RPL8,660.4,0
F9,659.1,0
LDHA,658.2,0
ADH6,657.9,0
TM4SF4,657.6,0
AQP9,657.2,0
GLYAT,651.9,0
PCK1,643.7,0
XBP1,642.6,0
FMO5,638.8,0
PGRMC1,633.3,0
ANGPTL3,631.8,0
EDF1,625.2,0
PHYH,624.2,0
G0S2,622.3,0
GPX1,621.9,0
GPX2,616.4,0
ACAA1,616.3,0
PTMA,615.5,0
ECH1,615.3,0
GAMT,610.2,0
GRHPR,610,0
RPL35A,607.8,0
C8B,607.6,0
RHOB,600.6,0
SLC22A1,595.7,0
F12,593.2,0
GABARAP,590.8,0
C6,588.3,0
APOC4,585.9,0
PROC,584.1,0
DHCR24,583.3,0
AKR1C1,581.4,0
ENO1,581,0
COX7C,579.4,0
PON3,576.2,0
CYP27A1,575.4,0
GNAS,574.4,0
COX7A2,573.2,0
ATP5MF,571.3,0
SLC38A4,570.3,0
GSTM1,569.8,0
ATP5F1B,569.5,0
APOA5,568.8,0
HAO1,568.2,0
A1BG,565.1,0
ASGR2,559,0
PTGR1,555.5,0
TST,555.5,0
NDUFB1,552.9,0
ADI1,552.4,0
CYP2B6,549.6,0
ACADVL,549,0
HINT1,548.2,0
MLXIPL,546.1,0
SCD,546.1,0
ATP5MK,544.7,0
COX4I1,543.1,0
COX6B1,541.8,0
MSMO1,537.9,0
HSD17B13,536.4,0
KRT18,534.5,0
PTP4A1,533.7,0
CD63,526.9,0
INSIG1,526.8,0
VKORC1,525.5,0
REEP6,523.4,0
RPS4X,522.9,0
C8G,522.4,0
FXYD1,520.8,0
SLC39A14,515.9,0
SERPINA4,514.2,0
ACSM2B,509.8,0
NME2,508.9,0
SLC25A47,508.8,0
RPL36A,508.5,0
NDRG2,508.4,0
GLYATL1,508.1,0
H3-3A,502.8,0
SLCO1B1,502.3,0
IDH1,501.4,0
PON1,498,0
LEAP2,496.1,0
TIMP1,494.4,0
ETFB,489.9,0
PCBD1,488.2,0
SPP2,484.9,0
EEF1B2,484.4,0
CYP1A2,478.4,0
EFNA1,476.5,0
CFL1,475.8,0
PCBP2,475.8,0
CDO1,473.7,0
PIPOX,473.5,0
TMEM59,471.8,0
SDC1,471.7,0
PFDN5,471.3,0
C8A,464.3,0
HLA-B,463.1,0
CALM2,460.6,0
SERPINA11,458.6,0
TPI1,454.8,0
C2,454.7,0
CSTB,454.6,0
NDUFA13,453.5,0
MASP2,452.9,0
TOMM7,452.8,0
HLA-C,452.1,0
ATP5MC2,449.9,0
APOM,448.8,0
AKR1C2,448.7,0
CIDEB,448.3,0
RPL22,448.1,0
CTSD,447.3,0
DPYS,446.6,0
LECT2,445.4,0
ZFP36,441,0
C4BPB,440.2,0
CTSB,439.7,0
EEF1D,438,0
SEC61B,436.1,0
HSPD1,432.6,0
COX8A,432.1,0
MYL12A,431.7,0
DCN,428.9,0
GSTK1,427.3,0
AGPAT2,426.9,0
GRINA,426.8,0
CD14,425.8,0
CHI3L1,423.6,0
ATP5PD,423.6,0
NDUFV2,423.3,0
NDUFA1,421.9,0
SLC22A7,419.3,0
C5,418.8,0
UBL5,413.4,0
ATP5F1A,412.8,0
HABP2,408.9,0
SEM1,408.8,0
ANGPTL8,408.5,0
OAF,407.9,0
TXN,406.9,0
CNBP,405.3,0
BHMT2,401.8,0
MT1A,400.5,0
SLC10A1,399.1,0
AKR1D1,398.8,0
HAO2,397.7,0
SLC9A3R2,397.6,0
MRPL41,396.7,0
FCGRT,395.4,0
METTL7A,395.4,0
ECI2,395,0
SLC13A5,393.9,0
HLA-A,393.1,0
APOF,389.4,0
CYP2D6,386.2,0
GADD45B,384.2,0
MPC1,384.1,0
SDC4,383.9,0
HSP90AB1,383.3,0
LAPTM4A,382.5,0
CREB3L3,381.3,0
DEFB1,381.1,0
MYL12B,379.3,0
CYP8B1,378.2,0
SEPHS2,377.1,0
SLC25A3,376,0
SHMT1,375.9,0
OST4,375.7,0
ATP5PO,375.1,0
GJB1,374.9,0
COX5B,373.1,0
ATP5MC3,371.4,0
PARK7,370.9,0
MPST,370.6,0
UGT1A4,367.8,0
PCK2,366.9,0
MGST2,366.8,0
CFHR3,366.8,0
ITM2B,366,0
GCHFR,365.5,0
HMGCS1,364.9,0
HSP90AA1,364.1,0
SQSTM1,363.4,0
CEBPD,360.2,0
RGN,358.7,0
NDUFS5,357.9,0
ASL,356,0
IGLC2,355.6,0
ATP5F1D,354.6,0
H3-3B,354.2,0
OTC,353.1,0
ACSM2A,350,0
NCOA4,348.6,0
RPL36AL,347.5,0
GOT1,346.8,0
ALDH1L1,345.7,0
UGT1A1,344.8,0
ATP5F1C,344.4,0
ACADM,343.6,0
CHCHD2,342.3,0
C4A,341.8,0
ZNHIT1,336.8,0
IGHG1,336.8,0
ACADSB,336.7,0
COX5A,336.6,0
ARL6IP1,336.2,0
HNRNPK,334.9,0
FDPS,332.6,0
RBP5,329.2,0
KRT8,327.7,0
ATP5IF1,323.3,0
CES2,323.2,0
ABAT,323.2,0
EHHADH,322.1,0
NDUFB7,321.8,0
NUPR1,321.6,0
HMGCL,321.5,0
SERPINA10,320,0
CYP3A5,319.4,0
MTHFD1,318.5,0
NDUFB9,318.3,0
CD59,317.1,0
ARF1,315.6,0
SLC25A5,314,0
HSPA5,314,0
SDHB,313.8,0
TFR2,313.5,0
APLP2,313.2,0
HNRNPC,313,0
PBLD,312.7,0
CTSL,311.6,0
EPHX2,311.3,0
DGAT2,309.8,0
HSD17B4,308.8,0
EBP,307.1,0
NADK2,306.9,0
KLKB1,306.8,0
COX6C,306.8,0
NDUFB2,305,0
OCIAD1,304.9,0
IGHA1,303.9,0
ELOB,303,0
APMAP,302.7,0
MZT2B,302.4,0
AKR1A1,302.3,0
BDH1,302,0
GOT2,300.5,0
SKP1,299.3,0
SDHC,298.6,0
FOS,297.9,0
PSMA2,297.8,0
NNMT,297.1,0
PNRC1,297,0
HMGB1,295.2,0
PXMP2,294.8,0
POR,292.8,0
CLDN1,289.7,0
YBX1,289.6,0
PSMB1,288.2,0
PCBP1,287.9,0
TAGLN2,287.4,0
SLC38A2,287.3,0
CYP3A7,285.4,0
AKR1C3,285.4,0
TRIR,285,0
NUCB1,283.9,0
MLF2,283.1,0
FAH,282.9,0
SARAF,282.9,0
IGFBP7,282.7,0
MGAT4B,281.1,0
BLVRB,279.3,0
GNMT,278.9,0
ST13,276.6,0
HAAO,276.6,0
CREG1,275.9,0
LCAT,275.5,0
S100A9,273.1,0
ATOX1,272.9,0
NIPSNAP1,272.7,0
UGT2B15,272.2,0
COX7B,270.7,0
SELENBP1,270.2,0
ALDH3A2,269.4,0
SLC27A2,269.2,0
COMT,268,0
METTL7B,267.4,0
TBCA,267.4,0
EIF4G2,265.8,0
DMGDH,265.4,0
PROS1,264.9,0
CRYZ,264.3,0
SERPINA7,263.9,0
NDUFB11,263.5,0
NDUFC2,262.9,0
ISOC2,262.8,0
MBL2,262.8,0
C4B,262.1,0
TMEM205,261.5,0
SLC9A3R1,261.4,0
CAPNS1,261.3,0
S100A8,260.8,0
FCN3,260.7,0
TMA7,260.5,0
SUCLG2,259.9,0
HNRNPA1,259.5,0
PEMT,259.1,0
ESD,258.9,0
LIME1,258.7,0
ACSM5,258.6,0
SDHA,258.1,0
RNASEK,257.6,0
ACY1,257.3,0
ANPEP,256.4,0
RHOA,255.2,0
MSRB1,255.1,0
MYDGF,254.5,0
G6PC1,253.6,0
ACADS,253.5,0
ALDOA,253.5,0
ARL6IP4,253.5,0
SORD,253.4,0
DNASE1L3,253.4,0
TMED2,253.3,0
FH,252.7,0
OS9,252.5,0
CNDP2,252.4,0
PSME2,252.1,0
IDH2,251.2,0
SLPI,250.9,0
GHITM,249.9,0
DYNLL1,249.4,0
MTTP,249.2,0
NDUFB8,248.4,0
SLCO1B3,247.7,0
AURKAIP1,247.2,0
RPL37,247.1,0
EIF1,246.5,0
ENTPD5,246.5,0
GSTZ1,245.7,0
CIAO2A,245.2,0
ARPC3,245,0
ROMO1,245,0
RPS28,245,0
ETFA,244.8,0
IFITM1,244,0
RASD1,243.9,0
UQCRH,243.7,0
PDIA6,243.5,0
ADH5,242.6,0
PGLYRP2,241.7,0
C11orf54,241.6,0
MORF4L1,241.6,0
SERINC2,241,0
HSD17B10,240.8,0
ATP5MC1,240.6,0
CD164,240.1,0
ZFP36L1,239.7,0
RCAN1,239.5,0
NDUFA3,238.8,0
DDIT4,238.4,0
KRTCAP2,238.3,0
DHRS3,238.1,0
CRYL1,237.5,0
APOA4,236.9,0
CBR1,236.4,0
TTC36,235.3,0
CD99,235.2,0
PDIA4,235.2,0
TOMM6,234.7,0
CTSZ,234.6,0
PLGLB1,234.5,0
SLIRP,234.3,0
TAGLN,233.7,0
FUOM,233.2,0
EI24,232.2,0
COX17,231.3,0
ALDH8A1,231.1,0
VAMP8,230.7,0
NOP53,230.3,0
HNMT,229.7,0
MRFAP1,229.6,0
RCL1,229.4,0
FKBP2,229.3,0
C1QB,229.2,0
FKBP8,229,0
UQCRC2,228.9,0
SEC14L2,227.8,0
ECI1,227.8,0
CEBPB,227.8,0
F11,227.2,0
TTC38,226.4,0
HSD17B11,225.9,0
SERINC1,225.6,0
ORMDL3,225.6,0
ETS2,225.2,0
NDUFS6,224.6,0
NAMPT,224.4,0
HJV,223.7,0
HGFAC,223.6,0
SRGN,223.6,0
SHMT2,222.9,0
ATP6V0E1,222.7,0
TSKU,222,0
SEC61G,221.4,0
ALDH9A1,221.3,0
BST2,221.2,0
NOP10,221.2,0
HAGH,220.8,0
QPRT,220.5,0
AIG1,220,0
PSME1,219.7,0
ETNK2,219.7,0
FETUB,219.3,0
ARHGDIA,219.2,0
UGT2B10,218.6,0
TUBA1B,218.6,0
CYP4F3,217.9,0
AKR7A3,217.7,0
GOLT1A,217.2,0
CNIH1,217.1,0
BLOC1S1,217,0
SNRPD2,216.6,0
C1QA,216.6,0
SURF4,216.2,0
POMP,215,0
WDR83OS,214.1,0
HTRA1,214,0
LMAN2,213.3,0
CALD1,212.7,0
MRPL34,211.8,0
RPN1,211.6,0
GBA3,211.1,0
CMPK1,211,0
HADH,210.9,0
IL1RAP,210.8,0
CSDE1,210.5,0
SRP14,210.3,0
NEDD8,209.6,0
QDPR,209.2,0
CIB1,209.1,0
PDK4,208.9,0
PSMA7,208.7,0
MTARC2,208.6,0
UQCRB,208.4,0
PSMB7,208.1,0
CUTA,208,0
HDGF,207.9,0
C1orf43,207.6,0
SLC25A1,206.9,0
IL1RN,206.7,0
MDH2,206.6,0
FIS1,206.6,0
RER1,206.3,0
EIF3K,206,0
COX14,205.6,0
LIPA,204.6,0
SEC11C,204.5,0
CPN2,204.5,0
PTGES3,204.4,0
VNN1,204.4,0
EIF4B,204.1,0
PILRB,203.9,0
NDUFB10,203.8,0
TMEM219,203.8,0
HSD17B2,203.6,0
DNAJA1,202.8,0
ATP6V0C,202.4,0
VEGFA,202,0
TCIM,200.6,0
CYP4A22,199.9,0
JTB,199.6,0
PLIN5,199.6,0
GHR,199.5,0
S100A16,199.1,0
RABAC1,198.9,0
HMGN2,198.9,0
POLD4,198.2,0
CEBPA,198.2,0
YWHAE,198.1,0
C12orf57,197.9,0
HYAL1,197.5,0
RPN2,197.4,0
HPGD,197.1,0
FURIN,196.7,0
RAN,196.5,0
ALAD,196.1,0
CALM1,195.7,0
TMEM256,195.4,0
PABPN1,195.3,0
EIF4H,194.6,0
NFKBIA,194.5,0
BHLHE40,194.1,0
FASN,192.6,0
GLS2,191.6,0
ZFAND5,191.4,0
SULT1A1,191.2,0
RRBP1,190.5,0
PRELID1,190.4,0
TM4SF5,190.2,0
BCAP31,190.2,0
EIF4A2,189.3,0
CYP51A1,188.9,0
PLS3,188.9,0
NPC2,188.9,0
PCCB,188.7,0
SLC25A6,188.6,0
SOD2,188.1,0
PRODH2,187.9,0
CIRBP,187.4,0
F13B,187.2,0
GUK1,186.8,0
AK3,186.7,0
MMUT,186.1,0
EIF3E,186,0
SNX3,185.9,0
COPE,185.8,0
HERPUD1,185.5,0
DAZAP2,185.5,0
HIBADH,185,0
TMEM230,184.9,0
MRPL12,184.6,0
SF3B5,184.5,0
HAL,184.4,0
LENG8,184.4,0
PXDC1,184.4,0
CYP2C18,184.2,0
PRXL2A,184.2,0
FAM162A,184.1,0
CYC1,183.9,0
WBP2,183.6,0
UGT1A9,183.6,0
GPT,183.4,0
TLE5,182.5,0
MMADHC,182.2,0
HLA-DPA1,182.1,0
NDUFA2,181.7,0
NDUFB3,181.2,0
SEC62,181.1,0
OSTC,181.1,0
ANAPC11,181,0
SUCLG1,180.3,0
VIM,180.2,0
RAB1A,179.3,0
SLC66A2,179,0
H1-0,179,0
RPS19BP1,178.9,0
MRPS24,178.8,0
ETNPPL,178.6,0
EVA1A,178.5,0
YWHAZ,178.4,0
SELENOW,178.4,0
ATP5MJ,178.3,0
PSMB3,178.2,0
LAP3,178,0
CYP2C19,178,0
GNB2,178,0
TRAM1,177.8,0
NDUFB4,177.4,0
CBS,177.4,0
PGAM1,176.9,0
EIF6,176.8,0
AHCY,176.6,0
GGH,176.5,0
NAPA,176.3,0
CDKN1A,175.9,0
CARHSP1,175.5,0
ECHDC2,174.8,0
CITED2,174.6,0
LAMP1,174.4,0
DECR2,174.4,0
C11orf96,173.8,0
PRG4,173.7,0
RNF167,173.5,0
KHK,173.3,0
DIO1,173.3,0
CDK2AP2,173.2,0
ANXA2,173.2,0
SUMO2,173.1,0
CHP1,173,0
NDUFAB1,172.8,0
GLDC,172.7,0
PSMB6,172.4,0
NME4,171.9,0
PON2,171.7,0
DUSP23,171.7,0
ENSG00000256514,171.7,0
SRSF5,171.6,0
MASP1,171.6,0
ABHD14B,171.2,0
DUS1L,171.2,0
TMBIM1,170.6,0
PLPP3,170.3,0
ESPN,170.3,0
PABPC1,170.1,0
MRPL23,170,0
CYB5R3,169.8,0
PPIF,169.6,0
LMAN1,169.4,0
LAMTOR2,169.4,0
USF2,169.3,0
ERGIC3,169,0
MTHFS,168.9,0
BCL3,168.5,0
APOL1,168.3,0
HNRNPDL,168.3,0
SDF2L1,167.9,0
SIGMAR1,167.8,0
AMACR,167.6,0
GRAMD4,167.3,0
GCGR,167.2,0
AFMID,166.7,0
ACSM3,166.3,0
NDUFS7,166.2,0
PRR13,166,0
ATP6V0B,165.8,0
ACOX2,165.8,0
SLC39A5,165.6,0
SLC7A2,165.3,0
FCER1G,165.1,0
IDI1,164.9,0
PSMD4,164.9,0
SEC31A,163.2,0
PCYT2,163.1,0
ALKBH7,163,0
GLRX,163,0
GPRC5C,162.9,0
HIGD2A,162.8,0
CYP2A7,162.8,0
SDCBP,162.7,0
SUMO1,162.6,0
POLDIP2,162.5,0
GYS2,162.5,0
RPS4Y1,162.5,0
SELENOF,162.5,0
PGRMC2,162.4,0
SIVA1,161.9,0
PSMA6,161.4,0
ALDH1B1,161.4,0
TMEM259,161.1,0
CMBL,160.9,0
GANAB,160.6,0
UQCR10,160.6,0
HNRNPF,160.2,0
LIPC,159.9,0
IGLC3,159.8,0
HINT2,159.7,0
SRPRA,159.6,0
ACSL5,159.5,0
IGKV1D-39,159.5,0
MRPL51,159,0
NFE2L2,159,0
NR1I3,158.8,0
ENSG00000289697,158.5,0
CRLS1,158.4,0
TM9SF2,158.3,0
C1QC,157.9,0
ECHDC3,157.5,0
NDUFS8,156.9,0
PPP1R3C,156.6,0
CANX,156.6,0
C7,156.3,0
RNF130,156.2,0
CFHR5,156.2,0
AK2,156.1,0
CYP4F2,155.9,0
CRHBP,155.7,0
DAP,155.5,0
GATD3,155.5,0
MGST3,155.4,0
ACTA2,154.5,0
TNFRSF1A,154.3,0
TTPA,154.2,0
INHBC,154.2,0
GADD45A,154.1,0
ARF5,153.7,0
BRI3,153.6,0
SH3BGRL3,153,0
VPS28,152.9,0
PPP2R1B,152.7,0
SAR1B,152.5,0
UPB1,152.4,0
OAT,152,0
ACMSD,151.9,0
TMCO1,151.8,0
COA3,151.8,0
ALDH7A1,151.7,0
PSMA3,151.6,0
TRMT112,150.6,0
MANF,150.2,0
CCL2,150.1,0
PTPA,149.9,0
HADHA,149.8,0
CHMP2A,149.8,0
PDLIM1,149.7,0
PECR,149.7,0
F10,149.7,0
OSGIN1,149.7,0
TXN2,149.2,0
PCSK6,149.2,0
ETFDH,148.9,0
DGCR6L,148.5,0
TMEM258,148.2,0
SERP1,148,0
SPARC,147.9,0
DDX17,147.7,0
LAMTOR5,147.7,0
GLO1,147.5,0
GNG5,147.5,0
DDX5,147.2,0
CHPT1,147.2,0
TUFM,147,0
DPM3,147,0
CD68,146.3,0
YIF1A,146.3,0
TALDO1,146.2,0
MRPL52,146.1,0
ATP5MG,145.8,0
PRKCSH,145.3,0
CIAO2B,144.9,0
PSMA4,144.3,0
BRK1,144.3,0
HNRNPA3,144.2,0
COPG1,143.3,0
RDH11,143.2,0
CD4,143.1,0
A1CF,143.1,0
ASPG,142.8,0
ARPC2,142.7,0
ZSWIM8,142.7,0
MICOS13,142.6,0
MPC2,142.4,0
SEC11A,142.3,0
GCLC,142.2,0
SPCS2,142,0
LPIN2,141.2,0
PPDPF,140.9,0
SCAND1,140.8,0
ENSA,140.7,0
S100A6,140.6,0
SLC25A13,140.4,0
PPA1,140.4,0
NR0B2,140.3,0
DAO,139.9,0
GNAI2,139.9,0
EGR1,139.9,0
ANXA5,139.7,0
LAMTOR4,139.4,0
HSDL2,139.3,0
TUBB4B,139,0
EIF3I,138.9,0
GLYCTK,138.9,0
RAB11B,138.9,0
HMGN3,138.4,0
CTNNB1,138.3,0
SLC25A39,138.2,0
GPD1,138,0
FAM107B,137.7,0
HSPA9,137.3,0
IFI27,137.1,0
DHRS7,136.7,0
SF3B1,136.7,0
CYP2J2,136.7,0
HNRNPH1,136.5,0
PRKAR1A,136.4,0
HEBP1,136.2,0
PYGL,136.2,0
IVD,135.9,0
RAB7A,135.8,0
DDX39B,135.6,0
PPP1R3B,135.4,0
FKBP5,135.2,0
PREB,135.2,0
CD151,135.1,0
MKNK2,134.7,0
PGK1,134.5,0
SLC37A4,134.4,0
SRRM2,134.3,0
C1RL,134.2,0
UGT1A6,134.2,0
INHBE,134.1,0
EIF3C,133.6,0
NDUFA12,133.5,0
XRCC6,133.4,0
TCEA3,133.4,0
MS4A6A,133.3,0
PPP1R1A,133.3,0
GCKR,133,0
DNPH1,133,0
KLF6,132.6,0
SPCS1,132.4,0
EPN1,132.3,0
DSTN,132.1,0
HSD3B7,131.6,0
RAD23B,131.6,0
XRCC5,131.5,0
RAP1B,131.5,0
DEPP1,131.5,0
SAT2,131.3,0
DDOST,131.3,0
NDUFA4,131.2,0
ATF3,130.6,0
FAXDC2,130.6,0
TRIB1,130.5,0
CALM3,130.4,0
RAB1B,130.3,0
PSMA1,130,0
EIF3G,130,0
ARHGDIB,129.8,0
PTTG1IP,129.8,0
PNN,129.6,0
TMPRSS6,129.5,0
RNF181,129.3,0
UXT,129.2,0
CDHR5,129.1,0
ASPDH,129.1,0
LYZ,128.8,0
UGDH,128.7,0
F7,128.6,0
H1-2,128.5,0
HEXB,128.4,0
MGAT1,128.4,0
TXNDC5,128.4,0
SET,128.1,0
TGOLN2,128,0
NXF1,127.9,0
LAMP2,127.8,0
SMIM19,127.7,0
CLPTM1L,127.6,0
HMOX1,127.5,0
RPL36A-HNRNPH2,127.4,0
NADK,127.3,0
SEC61A1,127.2,0
CLUH,127.2,0
LGALS4,127.1,0
IFI6,127,0
RAC1,126.8,0
CDC42EP1,126.6,0
TECR,126.4,0
MIA2,126.3,0
MRPL33,126.3,0
SUB1,126.2,0
LDHD,126,0
MGMT,125.9,0
ACO1,125.8,0
CCDC152,125.8,0
UBE2L6,125.6,0
CCNI,125,0
RHOD,124.9,0
MRPS15,124.6,0
PPP1CA,124.6,0
SELENOH,124.4,0
CHRD,124.3,0
FAM174C,124.3,0
C11orf58,124.1,0
AP2M1,124,0
EBNA1BP2,123.9,0
CMTM6,123.8,0
ATP1A1,123.8,0
MPRIP,123.7,0
SF3B6,123.6,0
SBDS,123.5,0
HDHD3,123.4,0
ZGPAT,123.4,0
ENSG00000272772,123.4,0
BBOX1,123.3,0
RND3,123.2,0
RAB17,123.1,0
LAMTOR1,123.1,0
UQCR11,123,0
MRPL53,122.8,0
PLGLB2,122.6,0
EIF3H,122.6,0
DHRS4L2,122.6,0
BCKDHA,122.5,0
LRP5,122.3,0
PHC2,122.2,0
MRPL24,122.1,0
TMEM208,122,0
DDX3X,122,0
LEPR,121.9,0
STBD1,121.8,0
SLC43A1,121.8,0
CD46,121.5,0
TLCD4,121.5,0
GTF3A,121.3,0
CCNG1,121.2,0
ADRM1,121.1,0
THBS1,121,0
OCIAD2,121,0
DHTKD1,121,0
RTKN,120.9,0
IL6ST,120.9,0
CTDSP1,120.7,0
MRPL54,120.7,0
CLPTM1,120.6,0
CLPP,120.5,0
HIBCH,120.4,0
NAT2,120.1,0
KDELR1,120,0
FLOT1,120,0
ISG15,120,0
HNRNPD,119.9,0
PDZK1,119.9,0
HNRNPA2B1,119.8,0
RND1,119.8,0
NINJ1,119.6,0
MLIP,119.5,0
TMED10,119.2,0
PUF60,119.2,0
S100A11,118.9,0
PSMB5,118.6,0
ABCD3,118.4,0
RAB5IF,118.3,0
SORBS3,118.1,0
DHRS4,117.8,0
MOCS2,117.8,0
RNF5,117.8,0
ANXA7,117.7,0
ATP6V1G1,117.6,0
CFL2,117.6,0
UBXN6,117.5,0
PDCD5,117.4,0
AQP3,117.4,0
SSU72,117.1,0
EID1,117,0
NFIL3,116.8,0
TRAP1,116.6,0
RNF128,116.5,0
NQO2,116.4,0
REEP5,116.2,0
CAP1,116.2,0
ISCU,116.1,0
ZFAND6,116,0
IER2,115.9,0
RAB11A,115.7,0
AGXT2,115.4,0
HM13,115.3,0
NDUFA6,115.3,0
ABCB4,115.1,0
CTH,115,0
HSD17B12,115,0
SRSF2,115,0
DYNLRB1,114.9,0
STAU1,114.8,0
IGLC1,114.5,0
MRPS26,114.4,0
NECTIN2,114.4,0
AGMO,114.4,0
PFDN2,114.3,0
CCT3,114.3,0
GRN,114,0
SREBF1,113.9,0
ABCC2,113.8,0
TP53I13,113.8,0
NHP2,113.7,0
NONO,113.6,0
SMCO4,113.6,0
ETFRF1,113.4,0
ACOX1,113.3,0
ANXA4,113,0
NR1H4,112.7,0
IGFALS,112.7,0
HNF4A,112.7,0
UROC1,112.6,0
SSBP1,112.5,0
MRPL32,112.4,0
CCL16,112.4,0
POLR2F,112.3,0
CALCOCO2,112.3,0
IL4R,112,0
CRAT,112,0
PSMC3,112,0
ARMC6,111.9,0
RXRA,111.8,0
NUDC,111.6,0
PTBP1,111.5,0
TRIM28,111.4,0
SYVN1,111.4,0
HACD3,111.3,0
GCSH,111.1,0
RTP3,111,0
ATP6V0E2,111,0
MRPL40,110.8,0
PMVK,110.7,0
SMIM14,110.6,0
FBXW5,110.4,0
POLD2,110.3,0
COA4,110,0
POLR2L,109.8,0
PEPD,109.6,0
TPM3,109.6,0
SMIM26,109.6,0
MCCC2,109.5,0
ABLIM3,109.5,0
SEPTIN2,109.4,0
PTP4A2,109.4,0
PROZ,109.2,0
MICU1,109,0
COLEC11,108.9,0
NNT,108.8,0
JCHAIN,108.8,0
PPP2CA,108.7,0
YWHAQ,108.7,0
UBA1,108.5,0
SLC25A25,108.5,0
RETSAT,108.4,0
VDAC2,108.4,0
TKFC,108.3,0
MTCH2,108,0
CYCS,108,0
FAHD2A,107.6,0
ENSG00000259171,107.6,0
NDUFA5,107.3,0
C19orf53,106.9,0
COPZ1,106.8,0
ERLIN1,106.7,0
PAIP2,106.7,0
SLC28A1,106.7,0
SLC25A18,106.7,0
RNH1,106.6,0
CCT7,106.6,0
TOLLIP,106.5,0
GABARAPL2,106.1,0
SNRNP70,106.1,0
TCEAL4,106,0
TMEM97,105.9,0
MATR3,105.8,0
NDUFA10,105.8,0
SPG21,105.7,0
EIF4G1,105.7,0
IGKV3-20,105.5,0
DCAF11,105.3,0
MMAB,105.3,0
YIPF3,104.8,0
DUSP3,104.6,0
WWP1,104.5,0
FCGR3A,104.5,0
CTBP1,104.3,0
NDUFS3,104.1,0
UGT2B17,104,0
MCFD2,103.8,0
RBPMS,103.7,0
LPCAT3,103.6,0
MPDU1,103.6,0
OIT3,103.6,0
GGT1,103.5,0
C4orf3,103.5,0
PDHB,103.5,0
HMOX2,103.4,0
MRPL37,103.3,0
TMEM141,103.2,0
SPATS2L,103.1,0
WDR13,103,0
EPAS1,103,0
NAPRT,103,0
PANK1,103,0
ADIRF,102.9,0
HYOU1,102.9,0
PPP2R1A,102.7,0
GOLPH3,102.7,0
TFG,102.7,0
GPS1,102.7,0
GLRX5,102.7,0
MGLL,102.6,0
PAICS,102.5,0
SDSL,102.4,0
PEX19,102,0
ELOVL5,101.9,0
TNIP1,101.8,0
ACTR2,101.7,0
SF3B2,101.6,0
EIF3M,101.6,0
STUB1,101.5,0
ATPAF1,101.4,0
PLAAT4,101.4,0
FERMT2,101.2,0
TOM1L1,101.2,0
ACP1,101.2,0
GGCX,100.9,0
MTSS2,100.9,0
ENO3,100.8,0
POLR2I,100.7,0
CLTC,100.7,0
SHFL,100.5,0
PIK3R1,100.5,0
C6orf62,100.4,0
PNKD,100.3,0
SARDH,100,0
AUP1,99.9,0
CLYBL,99.8,0
KTN1,99.7,0
KXD1,99.6,0
SHISA5,99.6,0
BLCAP,99.5,0
TMEM14A,99.4,0
SLC25A15,99.4,0
PIM3,99.4,0
SPR,99.2,0
PDXDC1,99,0
HMGCR,98.8,0
CLIC1,98.8,0
CLNS1A,98.7,0
GALK1,98.5,0
IER3,98.4,0
EIF4EBP1,98.2,0
MAZ,98.1,0
PHB1,98.1,0
C1orf115,98,0
CD5L,97.9,0
STRADB,97.9,0
CDC37,97.8,0
SF1,97.7,0
H2AZ1,97.5,0
NUCKS1,97.4,0
NFE2L1,97.4,0
TAF10,97.4,0
HNRNPU,97.2,0
PMPCA,97.2,0
RHBDD2,97.1,0
DNAJB9,97,0
EMC7,97,0
SLC47A1,97,0
GPT2,96.9,0
TRAPPC5,96.9,0
GET4,96.9,0
ACAD11,96.9,0
PCYOX1,96.8,0
DCAF8,96.8,0
ANP32B,96.8,0
TMEM220,96.8,0
MRPL4,96.5,0
ALDOC,96.5,0
IGHG2,96.1,0
SYNGR2,95.9,0
BOK,95.9,0
SARS1,95.8,0
IGKJ4,95.7,0
AK4,95.6,0
SAA2-SAA4,95.6,0
MAP2K2,95.5,0
IFNGR1,95.3,0
BAD,95.2,0
RAB5C,95.2,0
DDIT3,95.2,0
NPIPA9,95.2,0
GUCD1,95.1,0
IMP3,95.1,0
IGLV2-14,95.1,0
CFHR4,95,0
H1-10,95,0
SLC22A10,94.9,0
MRPS18B,94.8,0
HAX1,94.5,0
TXNL4A,94.4,0
SEPTIN9,94.4,0
IFRD2,94.4,0
COMMD6,94.2,0
HMGN1,94.2,0
SSR3,94.1,0
ACOT12,94.1,0
COL6A2,94,0
ZNF706,93.9,0
FAM210B,93.8,0
DYNLT1,93.8,0
MAP2K3,93.7,0
SLC25A28,93.7,0
GBP7,93.7,0
ISOC1,93.6,0
TM7SF2,93.6,0
BTD,93.6,0
TCP1,93.5,0
SNRPC,93.5,0
TMBIM4,93.5,0
ATXN2L,93.4,0
PPCS,93.1,0
FCN2,93.1,0
GALNT2,93,0
SGK1,92.9,0
PSMB8,92.9,0
EBPL,92.8,0
CYP39A1,92.8,0
TARDBP,92.7,0
TMEM45A,92.7,0
ARPC4,92.7,0
POLR2J,92.6,0
TNFSF14,92.6,0
MAP3K11,92.6,0
PFDN6,92.6,0
CCDC47,92.5,0
ODC1,92.5,0
HNRNPL,92.4,0
CSAD,92.4,0
SLC35C1,92.4,0
CTSO,92.4,0
NPIPB3,92,0
CDC34,91.9,0
RHEB,91.9,0
SNRPB,91.9,0
PCTP,91.6,0
FAM32A,91.5,0
SEC13,91.5,0
HMGB3,91.3,0
POLR1D,91.2,0
MRPL55,91.1,0
DRAP1,91.1,0
S100A13,91,0
PNP,91,0
CDH1,90.8,0
ACBD4,90.7,0
SPPL2A,90.6,0
CENPX,90.5,0
ATP6AP2,90.5,0
RASSF7,90.3,0
AGTR1,90.3,0
SURF1,90.3,0
SMPD1,90.3,0
PLIN4,90.2,0
CCS,90.2,0
SIGIRR,90.1,0
CTSA,90,0
TYK2,90,0
ST20-MTHFS,90,0
CCN1,89.9,0
SLC46A3,89.8,0
TOMM5,89.8,0
COPS9,89.7,0
SNU13,89.6,0
MTFR1L,89.6,0
LACTB2,89.6,0
LYRM1,89.5,0
MBNL2,89.5,0
KLF10,89.5,0
H6PD,89.4,0
DST,89.4,0
DEXI,89.4,0
SSR1,89.3,0
HLA-DRA,89.2,0
SNRPG,89,0
DCAF6,88.9,0
SHC1,88.9,0
MARCO,88.8,0
PSMD3,88.8,0
TMED9,88.8,0
SUMF2,88.7,0
KLF15,88.7,0
HLA-DQA1,88.7,0
TPP1,88.5,0
GDF15,88.3,0
HHEX,88.1,0
TTC39C,87.8,0
ECHDC1,87.7,0
RAB14,87.7,0
UBXN4,87.7,0
PRPF8,87.7,0
NAXD,87.7,0
WBP1,87.7,0
DEFA1B,87.5,0
SPON2,87.4,0
KLC4,87.2,0
CRELD2,87.2,0
VDAC3,86.8,0
STOML2,86.8,0
SERINC3,86.7,0
CCT8,86.7,0
GCDH,86.6,0
BEX3,86.6,0
RAMP1,86.5,0
PKLR,86.5,0
NAA38,86.5,0
EIF1B,86.3,0
SLC41A2,86,0
CLTB,86,0
PPP1R12C,85.9,0
CCM2,85.7,0
H2BC12,85.7,0
KMO,85.6,0
ESRRA,85.6,0
SLC2A4RG,85.5,0
ZFP36L2,85.5,0
ENSG00000289694,85.5,0
NBR1,85.4,0
CLK1,85.3,0
PPP1R15A,85.3,0
GSDMD,85.3,0
IGKJ1,85.3,0
CPT2,85.2,0
ARSL,85.2,0
LYPLA2,85.1,0
LUC7L3,85.1,0
EMC4,85.1,0
FKBP11,85,0
TMEM14B,84.9,0
CDC42,84.8,0
RAP1A,84.8,0
PAIP1,84.8,0
MRPS34,84.7,0
HNRNPM,84.6,0
GNE,84.6,0
ATP6V1F,84.5,0
NR1H3,84.3,0
TCEA1,84.3,0
SRSF4,84.2,0
PTH1R,84.2,0
CCL14,84.2,0
H2AZ2,84,0
ACTR3,84,0
B4GALT1,83.9,0
DLD,83.8,0
CD163,83.8,0
NDUFA7,83.8,0
CLINT1,83.7,0
RBCK1,83.7,0
MTDH,83.7,0
H2AJ,83.7,0
CTSH,83.6,0
SNTB1,83.5,0
OAZ2,83.5,0
HNRNPAB,83.5,0
ARCN1,83.4,0
ERBB3,83.3,0
MVD,83.3,0
SLX1A,83.2,0
EPB41L4B,83.1,0
SRSF9,83.1,0
MRPL15,83.1,0
TPRG1L,83.1,0
NUDT5,83,0
PNPO,82.9,0
GFUS,82.8,0
REPIN1,82.8,0
HSD17B14,82.6,0
CHRNA4,82.6,0
KYNU,82.6,0
FAM8A1,82.6,0
PPP2R5C,82.5,0
C11orf24,82.5,0
GBP1,82.4,0
DAP3,82.4,0
SLC6A1,82.4,0
EIF3D,82.3,0
CHID1,82.3,0
CCDC124,82,0
MAP1LC3A,82,0
BAIAP2,82,0
RBIS,82,0
ARHGEF10L,81.8,0
RNF7,81.8,0
RTN3,81.8,0
IGHM,81.8,0
MZT2A,81.7,0
TSPO,81.6,0
TSPAN3,81.6,0
PDCD6,81.6,0
FGFR4,81.5,0
SMIM12,81.4,0
PSMC6,81.3,0
MSN,81.3,0
N4BP2L1,81.2,0
NAXE,81.2,0
MRPL43,81.1,0
IP6K2,81.1,0
LONP2,81.1,0
PROX1,81.1,0
ELL2,81,0
ANAPC13,81,0
CDA,80.9,0
SLC22A18,80.8,0
VAMP5,80.8,0
SQOR,80.7,0
TRIB3,80.6,0
SOCS3,80.6,0
ANKRD10,80.4,0
CTNND1,80.3,0
RBM4,80.2,0
MPDZ,80.1,0
SCYL1,80.1,0
TMEM120A,80.1,0
RBM6,80,0
UBR4,80,0
ATP6V1E1,80,0
ACP2,80,0
COQ4,80,0
TYROBP,79.8,0
PPP4C,79.8,0
RAB6A,79.7,0
NDUFAF8,79.6,0
DCPS,79.5,0
MTARC1,79.5,0
MAT2B,79.4,0
FGF21,79.4,0
SELENOS,79.4,0
CBX3,79.3,0
TMX2,79.3,0
MCRIP1,79.3,0
BCKDK,79.2,0
MRPS2,79.2,0
MRPS7,79.2,0
UQCC2,79.2,0
DPY30,79.1,0
BPHL,79,0
NDUFAF3,78.8,0
NEU4,78.7,0
MTLN,78.6,0
QSOX1,78.5,0
CCL4,78.5,0
IARS2,78.4,0
SPTBN1,78.4,0
AP1M1,78.1,0
BAG1,78.1,0
LYPLA1,78.1,0
KDM8,78.1,0
IGF1,78,0
MRPS33,78,0
ZFAND2A,78,0
PSMC1,77.8,0
PIK3AP1,77.8,0
PHYHD1,77.7,0
PLEKHJ1,77.6,0
TLE1,77.6,0
CCN2,77.5,0
ACTN4,77.5,0
NAT8,77.3,0
MRPL14,77.3,0
EWSR1,77.3,0
RPL17-C18orf32,77.3,0
AAMP,77.2,0
ELOF1,77.1,0
CTNNA1,77,0
AIFM1,77,0
NAA20,77,0
MYH9,76.9,0
PSENEN,76.8,0
CTSC,76.7,0
ECM2,76.6,0
RNF10,76.5,0
MLEC,76.5,0
OGFR,76.4,0
PZP,76.4,0
PAPOLA,76.3,0
LONP1,76.3,0
DLST,76.2,0
NDUFA8,76.1,0
CCNL2,76.1,0
SLC25A42,76,0
MRPL38,75.9,0
TSTD1,75.8,0
OCEL1,75.7,0
AIF1,75.7,0
SEC23A,75.5,0
CD36,75.5,0
ABCB11,75.3,0
PGLS,75.3,0
TIMM17A,75.3,0
GLTPD2,75.3,0
CPSF1,75.2,0
PRKACA,75.2,0
ELOC,75.2,0
STRAP,75.1,0
C5orf15,75.1,0
ARPC1B,75.1,0
ARL6IP5,75.1,0
PDIA5,75,0
TMED7,75,0
TCF25,75,0
ARFGAP2,75,0
TIMM10,74.9,0
CLEC1B,74.8,0
SMPDL3A,74.8,0
OGDHL,74.8,0
COPRS,74.7,0
ILRUN,74.7,0
CLRN3,74.6,0
DCTD,74.5,0
PGGHG,74.5,0
SLC17A2,74.4,0
DDAH1,74.4,0
SRRT,74.3,0
PSMD7,74.2,0
CD9,74.1,0
ITPRID2,74.1,0
SLC39A1,74.1,0
RPRD1B,74,0
PLAAT3,74,0
DNAJC4,73.8,0
CPEB4,73.8,0
CNPY3,73.8,0
CDK10,73.8,0
ARPC1A,73.8,0
RTRAF,73.7,0
PCMT1,73.7,0
U2AF1,73.7,0
RTL8C,73.5,0
CALU,73.4,0
TAX1BP1,73.3,0
METTL26,73.3,0
ELF3,73.3,0
BCKDHB,73.2,0
CPN1,73.2,0
SLC38A10,73.2,0
DDRGK1,73.2,0
MRPS12,73.1,0
MRPL16,73.1,0
UBE2V1,73.1,0
PLOD1,73,0
PLPBP,73,0
MPG,72.9,0
ABCA6,72.9,0
RFNG,72.9,0
EIF3A,72.8,0
HNRNPH2,72.7,0
NMD3,72.7,0
BAG6,72.7,0
MRPS35,72.6,0
ATP5F1E,72.6,0
VPS29,72.5,0
PPP1CB,72.4,0
PDXP,72.4,0
FBXL5,72.3,0
DERL1,72.3,0
PJA2,72.3,0
STX10,72.2,0
STAT6,72.2,0
MRPL36,72.2,0
GNPNAT1,72.1,0
FAM177A1,72,0
PAPSS2,72,0
EMC6,71.9,0
USO1,71.9,0
KARS1,71.8,0
THOP1,71.8,0
LPA,71.8,0
RANGAP1,71.6,0
ERGIC1,71.6,0
AHSA1,71.5,0
GSPT1,71.3,0
ANP32A,71.3,0
MAGOH,71.2,0
SPAG7,71.1,0
ARRDC3,71,0
AZIN1,71,0
LRRC59,70.9,0
FBL,70.8,0
LSM5,70.8,0
PRADC1,70.8,0
IGKV4-1,70.8,0
PPP6R2,70.7,0
LSM7,70.7,0
FGGY,70.7,0
HEXA,70.7,0
IL1R1,70.6,0
NARS1,70.6,0
FBXO17,70.5,0
AMFR,70.4,0
RTCB,70.3,0
SRSF3,70.3,0
TMEM9,70.2,0
SUOX,70.2,0
EIF2A,70.2,0
TM9SF3,70.1,0
DECR1,70.1,0
C11orf98,70.1,0
CCNB1IP1,70,0
STT3B,70,0
PSMD6,70,0
SLC35D1,69.9,0
TPST2,69.9,0
CXCL8,69.9,0
AKAP17A,69.9,0
C1orf122,69.9,0
ASPH,69.9,0
PAM16,69.9,0
CPTP,69.9,0
UBXN1,69.8,0
AP3S1,69.8,0
CCNC,69.7,0
DNAJB2,69.7,0
MIA3,69.7,0
EIF2S3,69.6,0
CYSTM1,69.5,0
FLOT2,69.5,0
SCOC,69.5,0
RBM3,69.4,0
PINK1,69.4,0
CCT5,69.3,0
TIMM23,69.3,0
SLC25A11,69.2,0
TXNDC12,69.2,0
DEPDC7,69.2,0
UBQLN1,69.2,0
NPTN,69.2,0
PEF1,69.1,0
POP7,69.1,0
RNF13,69,0
OPTN,69,0
XAF1,69,0
REX1BD,68.9,0
SLC12A7,68.9,0
RBM8A,68.9,0
SMAP2,68.8,0
COPB1,68.8,0
F11R,68.8,0
CTPS1,68.8,0
UBALD1,68.7,0
HGS,68.7,0
THOC7,68.6,0
CAPZA1,68.4,0
TXNDC17,68.4,0
SLC6A12,68.3,0
RSL24D1,68.2,0
MTSS1,68.2,0
ORAI3,68.2,0
PA2G4,68.1,0
HEBP2,68,0
STIP1,67.9,0
PSMF1,67.8,0
H2BC5,67.7,0
YWHAG,67.7,0
SELENOT,67.7,0
SQLE,67.6,0
GALM,67.6,0
SUN2,67.5,0
SEPTIN7,67.5,0
GLOD4,67.5,0
RAD23A,67.5,0
ATRAID,67.4,0
GNG10,67.4,0
ICAM1,67.3,0
CMAS,67.3,0
CYP4F11,67.3,0
ADGRG6,67.2,0
SLC39A7,67.2,0
SSNA1,67.2,0
KCTD3,67.1,0
SCARB2,67.1,0
APOL3,67,0
VPS25,66.9,0
MAGED1,66.9,0
GK,66.9,0
FST,66.8,0
JUP,66.8,0
WDR45,66.8,0
SRSF1,66.7,0
ZNF593,66.7,0
SLC51A,66.7,0
RELA,66.7,0
NPIPA9,66.7,0
COPB2,66.5,0
COASY,66.4,0
PLA2G12B,66.4,0
UBE2E1,66.4,0
SNX1,66.3,0
CHMP4B,66.3,0
PDHA1,66.3,0
CHTF8,66.3,0
GPAA1,66.3,0
MRPL46,66.3,0
SGTA,66.2,0
SCARB1,66,0
ERG28,66,0
RAB2A,65.8,0
LDHB,65.8,0
KIAA1191,65.8,0
IDNK,65.8,0
SAR1A,65.6,0
RAB18,65.6,0
NUDT7,65.6,0
ZNF358,65.6,0
NENF,65.5,0
CCL21,65.5,0
CTDNEP1,65.5,0
PET100,65.5,0
PMM1,65.4,0
SNRPN,65.4,0
PRPSAP1,65.4,0
CAMTA1,65.4,0
CPQ,65.3,0
IGLV3-1,65.3,0
FPGS,65.2,0
POLR2K,65.2,0
FKBP3,65.1,0
MCEE,65.1,0
RPL14,65,0
NUCB2,64.9,0
PRPF19,64.7,0
TEX264,64.7,0
AHCYL1,64.7,0
HYI,64.7,0
HLA-DRB1,64.7,0
CTTN,64.5,0
NUTF2,64.5,0
HSD17B7,64.5,0
STT3A,64.5,0
G3BP1,64.5,0
ILF2,64.4,0
SLC3A2,64.4,0
TNFRSF12A,64.3,0
RAB5B,64.3,0
TPMT,64.3,0
DNAJB11,64.2,0
TARS1,64.2,0
C19orf12,64.2,0
IL17RC,64.2,0
ZNF444,64.2,0
PQBP1,64.1,0
TNS2,64.1,0
DNAJC7,64.1,0
ARL1,64,0
NR1H2,64,0
SSB,64,0
DPYD,64,0
NAAA,63.9,0
GBA2,63.8,0
FBXO9,63.8,0
PTS,63.8,0
RRAGA,63.8,0
BBLN,63.8,0
UGT1A3,63.7,0
DEK,63.6,0
PSMD2,63.6,0
NBPF9,63.6,0
GNPTG,63.5,0
SGK2,63.5,0
BCCIP,63.5,0
CPT1A,63.5,0
FARP1,63.5,0
TAF15,63.5,0
IK,63.4,0
TPM1,63.4,0
POLR2G,63.4,0
DPP7,63.4,0
PLPP1,63.3,0
CNPY2,63.3,0
ST3GAL1,63.2,0
GALE,63.2,0
NUDT16L1,63.2,0
TXNRD2,63.2,0
SND1,63.2,0
RNF14,63.1,0
DNAJC12,63.1,0
IMP4,63.1,0
BAP1,63,0
HSD17B8,63,0
ZC3H15,62.9,0
DNAJA3,62.8,0
RABGGTB,62.8,0
SUPT4H1,62.8,0
MAP4,62.7,0
AADAT,62.7,0
HES1,62.7,0
NAA50,62.7,0
ZFAND2B,62.7,0
BORCS7,62.7,0
SIAH2,62.7,0
RORC,62.6,0
CCPG1,62.6,0
SYPL1,62.5,0
ADAMTS13,62.5,0
PNRC2,62.5,0
IKBKG,62.5,0
AKT1S1,62.4,0
SEL1L,62.3,0
TMEM147,62.3,0
TADA3,62.3,0
GSTP1,62.2,0
DCTN3,62.2,0
POLR2H,62.2,0
TAF7,62.2,0
MRPL21,62.2,0
TANK,62.1,0
RBMX,62.1,0
GPBP1L1,62.1,0
MAPKAPK2,62.1,0
MS4A7,62.1,0
SEPTIN10,62.1,0
ARHGEF12,62.1,0
SMIM7,62.1,0
TRIAP1,62,0
RALY,61.9,0
CDK9,61.9,0
MRPL18,61.8,0
CYP1A1,61.8,0
CPSF7,61.7,0
IRAK1,61.7,0
GDI1,61.7,0
NANS,61.6,0
ILK,61.6,0
MSRA,61.6,0
CRY2,61.5,0
PSMG2,61.4,0
CSRNP1,61.4,0
NDUFB6,61.4,0
TGIF1,61.4,0
COLEC10,61.4,0
MRPL3,61.3,0
CHPF,61.3,0
SDR39U1,61.2,0
SUMO3,61.2,0
FAM3A,61.1,0
ARAF,61.1,0
MTIF3,61.1,0
APOL2,61.1,0
G3BP2,61.1,0
EIF2AK1,60.9,0
PIN1,60.9,0
CADM1,60.9,0
MRPS21,60.9,0
AARS1,60.8,0
TJP2,60.7,0
HP1BP3,60.7,0
ABHD6,60.7,0
TNFRSF14,60.6,0
PMF1,60.6,0
RNPS1,60.6,0
AKR7A2,60.5,0
EIF3L,60.5,0
COPA,60.5,0
ATXN10,60.5,0
LCN2,60.5,0
XPO6,60.5,0
FOXA3,60.4,0
YPEL5,60.2,0
PPP1CC,60.2,0
TRPC4AP,60.1,0
HPCAL1,60.1,0
ARPC5,60.1,0
FAHD1,60.1,0
EMC10,60,0
MEA1,59.9,0
S100A4,59.8,0
RTF2,59.6,0
YME1L1,59.6,0
ABCG5,59.6,0
VAMP3,59.5,0
KANK1,59.5,0
CCT4,59.5,0
LMNA,59.5,0
CCDC167,59.5,0
MRPL19,59.4,0
DHRS1,59.4,0
NAA60,59.3,0
SHBG,59.3,0
RAF1,59.3,0
ASPSCR1,59.3,0
PSME3IP1,59.3,0
CISH,59.2,0
PDLIM2,59.1,0
APEH,59.1,0
KEAP1,59,0
TCIRG1,59,0
CASP4,59,0
ZNF207,58.9,0
STARD7,58.9,0
HBS1L,58.9,0
TIMP2,58.8,0
DHODH,58.8,0
MVK,58.8,0
ATRN,58.7,0
ST6GALNAC6,58.7,0
CYBC1,58.7,0
AGPAT1,58.7,0
CLEC4M,58.6,0
EMC3,58.6,0
C7orf50,58.6,0
TMEM179B,58.6,0
TSR3,58.5,0
SH3BGRL,58.5,0
PCED1A,58.5,0
C9orf78,58.5,0
JAGN1,58.5,0
PDE4DIP,58.5,0
ARPC5L,58.4,0
AMDHD1,58.4,0
TUBA1C,58.4,0
MAGT1,58.3,0
POLR2C,58.3,0
GPHN,58.3,0
DPM1,58.2,0
TRAPPC6A,58.2,0
TSG101,58.2,0
TRAF4,58.2,0
NMRAL1,58.2,0
PID1,58.2,0
PABPC4,58.1,0
SMARCA1,58.1,0
ENG,58.1,0
RAD21,58.1,0
TCEA2,58.1,0
GLMP,58.1,0
SMARCA2,58,0
AGMAT,58,0
SMOC1,58,0
TRIM27,58,0
SRP54,57.9,0
EIF1AX,57.9,0
MARCHF2,57.8,0
DDTL,57.8,0
ALG5,57.8,0
PRMT1,57.8,0
FASTK,57.8,0
LHPP,57.7,0
NAGLU,57.7,0
IMMT,57.7,0
TOMM70,57.7,0
MAF1,57.7,0
SERPINB6,57.6,0
CLTRN,57.5,0
U2AF2,57.4,0
GDA,57.4,0
YWHAH,57.4,0
SHC2,57.4,0
LARP4,57.4,0
FMO4,57.3,0
IDH3B,57.3,0
RNF11,57.3,0
TUBB2A,57.3,0
ECM1,57.2,0
MARS1,57.1,0
MCRIP2,57.1,0
NSUN6,57.1,0
SP100,57,0
KIAA2013,57,0
GOLM2,57,0
ASAH1,56.9,0
GIPC1,56.9,0
IGKJ2,56.9,0
NUBP2,56.8,0
SRD5A2,56.8,0
COQ5,56.7,0
PNPLA2,56.7,0
CRIP2,56.7,0
EGLN2,56.7,0
TAB2,56.6,0
MRPL28,56.6,0
ABRACL,56.6,0
CACFD1,56.6,0
RCC1L,56.5,0
RBM5,56.4,0
LDLR,56.4,0
SON,56.4,0
OXER1,56.4,0
NUDT8,56.4,0
VAMP2,56.4,0
MRPS18A,56.3,0
PFKL,56.3,0
LSS,56.3,0
RNF123,56.3,0
ATG2A,56.2,0
ADRA1A,56.2,0
CEMIP2,56.2,0
CTDSP2,56.2,0
TMEM53,56.1,0
MYC,56.1,0
UROS,56.1,0
DHFR,56.1,0
RGS1,56,0
EIF3B,56,0
EDEM1,56,0
TPM2,56,0
PGAP6,55.9,0
PIM1,55.9,0
RETREG2,55.8,0
SRPRB,55.8,0
FKBP4,55.7,0
SH3GL1,55.7,0
SLC25A38,55.7,0
PPID,55.6,0
RBL2,55.5,0
CERS4,55.4,0
ARL4D,55.4,0
PALM3,55.4,0
OARD1,55.3,0
NCLN,55.3,0
TGFBR2,55.3,0
GOLIM4,55.3,0
SLC35A4,55.3,0
SKIC2,55.3,0
SOCS2,55.2,0
ZC3H13,55.2,0
RUSF1,55.2,0
AMN,55.2,0
HCFC1R1,55.1,0
RDH5,55.1,0
TMEM82,55.1,0
TM2D3,55.1,0
BABAM1,55,0
EGFL7,55,0
EIF3J,54.9,0
RABEPK,54.9,0
GTF3C6,54.9,0
NIT1,54.9,0
JMJD8,54.9,0
MBNL3,54.8,0
MCCC1,54.8,0
CHST13,54.8,0
VMP1,54.7,0
GTF2I,54.7,0
AAMDC,54.6,0
EZR,54.6,0
YY1,54.6,0
AKT2,54.6,0
TPD52L1,54.6,0
CXCL14,54.6,0
FNIP2,54.5,0
GMPR2,54.5,0
OSBP,54.5,0
SORL1,54.5,0
ADGRA3,54.5,0
UBE2E3,54.5,0
GSDMB,54.4,0
ILVBL,54.4,0
MAP1LC3B,54.4,0
ALG3,54.4,0
PPP3R1,54.4,0
LMF2,54.3,0
TBC1D9B,54.3,0
NAP1L4,54.3,0
ACTN1,54.2,0
RNASE1,54.2,0
UGT3A1,54.2,0
YIF1B,54.2,0
PI4K2B,54.1,0
HOGA1,54.1,0
AP3D1,54,0
PHAF1,54,0
TRIM22,54,0
ZMAT2,54,0
WEE1,54,0
SIRT2,53.9,0
PNISR,53.9,0
OSTF1,53.9,0
API5,53.9,0
TSPAN9,53.8,0
SNRPA,53.8,0
GMPPA,53.8,0
COPS2,53.8,0
SMIM30,53.8,0
THYN1,53.7,0
TRIM8,53.7,0
CALCOCO1,53.6,0
FAM120A,53.6,0
SLC23A2,53.6,0
COPS7A,53.6,0
ACTR1B,53.6,0
MID1IP1,53.6,0
ZCRB1,53.5,0
STAP2,53.5,0
DPP4,53.5,0
UCKL1,53.5,0
ATP6AP1,53.4,0
GGT5,53.4,0
GBF1,53.4,0
DPM2,53.4,0
RNF187,53.4,0
IGLV3-19,53.4,0
EIF4EBP3,53.4,0
MRPS6,53.4,0
B3GAT3,53.3,0
UQCRFS1,53.3,0
COMMD1,53.3,0
ANO6,53.2,0
PITPNB,53.2,0
HMG20B,53.1,0
RBBP7,53.1,0
EPB41L5,53.1,0
NPLOC4,53.1,0
HNRNPH3,53,0
PLOD2,53,0
SRSF10,53,0
CDK2AP1,52.9,0
RMDN1,52.9,0
SMLR1,52.9,0
SEPTIN4,52.8,0
EGLN1,52.8,0
DPP9,52.8,0
CCDC50,52.8,0
CHMP5,52.7,0
ETHE1,52.7,0
MMP24OS,52.7,0
PRKAB2,52.7,0
ELP5,52.7,0
KHSRP,52.6,0
GCAT,52.6,0
COX7A2L,52.6,0
ENSG00000250644,52.6,0
SMARCD2,52.5,0
CHCHD5,52.5,0
AGAP3,52.5,0
GNS,52.5,0
AMT,52.5,0
ADAR,52.5,0
MME,52.5,0
YIPF2,52.4,0
IGHV3-23,52.4,0
SIL1,52.3,0
GNL3,52.3,0
DDB1,52.3,0
OVCA2,52.3,0
COQ9,52.2,0
TMED1,52.2,0
UCK1,52.2,0
ALPL,52.2,0
FAAP20,52.2,0
BET1L,52.2,0
NRDC,52.1,0
YPEL3,52.1,0
SLC16A1,52,0
IGSF8,52,0
ENDOG,52,0
THAP4,52,0
MRFAP1L1,52,0
RIOK3,51.9,0
CDC123,51.9,0
CHTOP,51.9,0
CHCHD1,51.9,0
SRSF6,51.7,0
PCNA,51.7,0
MRPL39,51.7,0
UPK3BL1,51.7,0
PLOD3,51.6,0
NRBP1,51.6,0
POLR3GL,51.6,0
RBM42,51.6,0
IDH3G,51.5,0
ANKHD1,51.5,0
PIEZO1,51.4,0
RAB26,51.4,0
HSPB11,51.3,0
MGRN1,51.3,0
TIMM8B,51.3,0
MRPS22,51.3,0
IGKV3-11,51.3,0
TOM1,51.2,0
ECE1,51.2,0
NT5E,51.2,0
C11orf1,51.2,0
CD52,51.2,0
ANXA1,51.1,0
CES3,51.1,0
PIGP,51.1,0
AGFG2,51,0
RNPEPL1,51,0
TMEM140,51,0
GRB2,51,0
CLEC4G,51,0
NOL3,50.9,0
CAMK2N1,50.9,0
PITHD1,50.8,0
FUS,50.8,0
METRN,50.8,0
IRF1,50.8,0
AGPAT3,50.8,0
GADD45GIP1,50.8,0
GOLGA5,50.7,0
CAPN5,50.7,0
PSMC2,50.7,0
RPP25L,50.7,0
FAM114A1,50.7,0
MAD2L2,50.6,0
PMM2,50.6,0
PPT1,50.5,0
CCT6A,50.4,0
TWF1,50.4,0
EHBP1,50.3,0
UNC5CL,50.3,0
FGFRL1,50.3,0
AKT1,50.3,0
HMCES,50.3,0
NMRK1,50.2,0
ZKSCAN1,50.1,0
RGS3,50.1,0
PPP4R2,50.1,0
IRF2BP2,50.1,0
TAF9,50.1,0
TPD52L2,50,0
CHMP4A,50,0
NFKBIZ,49.9,0
SPSB3,49.9,0
SDHAF2,49.9,0
SUPT5H,49.9,0
SIRPA,49.8,0
FAM50A,49.7,0
ADD1,49.7,0
ART4,49.7,0
ZFAND3,49.7,0
PFKFB1,49.7,0
JAK1,49.7,0
AKIRIN1,49.7,0
SH3BGRL2,49.7,0
DELE1,49.6,0
NRP1,49.6,0
TSPAN8,49.6,0
UBAP1,49.6,0
CDC26,49.6,0
QARS1,49.5,0
IGLV1-51,49.5,0
LEPROT,49.5,0
CPVL,49.4,0
UFM1,49.4,0
TRAF7,49.4,0
TMEM254,49.4,0
FAM193B,49.4,0
ABCC3,49.3,0
ATP2A2,49.3,0
CHURC1,49.3,0
YBX3,49.2,0
KANK2,49.2,0
HNRNPUL1,49.1,0
GPNMB,49.1,0
RAB20,49.1,0
CXCL16,49.1,0
ELOVL2,49.1,0
DAZAP1,49,0
EFHD1,49,0
GRSF1,49,0
GOLGA7,49,0
NAGS,49,0
LEMD2,49,0
HARS1,49,0
TSSC4,49,0
NCSTN,48.9,0
AP2A1,48.9,0
BCO2,48.9,0
TEN1,48.9,0
ANAPC5,48.8,0
ACO2,48.7,0
NME3,48.7,0
JOSD2,48.7,0
CCL19,48.7,0
NADSYN1,48.7,0
NDUFS1,48.6,0
SEC24D,48.6,0
CLDN12,48.6,0
LSM10,48.6,0
TMED5,48.5,0
PYURF,48.5,0
RPS6KB2,48.5,0
PIGY,48.5,0
AKAP1,48.4,0
TOMM40,48.4,0
AFDN,48.4,0
NUMB,48.4,0
MTG1,48.4,0
PPP2R5A,48.3,0
HIF1A,48.3,0
ZNF330,48.3,0
HACL1,48.3,0
TMEM222,48.3,0
ATP6V1D,48.2,0
DBNL,48.2,0
MRPL49,48.2,0
TSPAN13,48.1,0
MLX,48.1,0
PRPS1,48.1,0
STX5,48.1,0
RAB8A,48.1,0
MED4,48,0
CCDC107,48,0
TDP2,47.9,0
CNPPD1,47.9,0
BCAS2,47.9,0
TRAPPC3,47.8,0
MXI1,47.8,0
NIPSNAP3A,47.8,0
SYBU,47.8,0
CELF1,47.8,0
MYO1E,47.8,0
MACROD1,47.7,0
AIMP1,47.7,0
MRPL13,47.7,0
RNASET2,47.6,0
EDNRB,47.6,0
SKIC8,47.6,0
VSIG4,47.6,0
SULT1A2,47.6,0
TMEM106B,47.5,0
UCHL3,47.5,0
HSPH1,47.5,0
SLC17A4,47.5,0
CCNL1,47.5,0
PCSK9,47.5,0
PES1,47.4,0
AVPI1,47.4,0
NREP,47.4,0
WTAP,47.4,0
ITGA5,47.4,0
SFPQ,47.3,0
KHDRBS1,47.3,0
YES1,47.3,0
TIMM50,47.2,0
ELF1,47.2,0
IMPA2,47.2,0
EIF4EBP2,47.2,0
ZDHHC12,47.2,0
TMEM203,47.2,0
IGFLR1,47.1,0
NSDHL,47.1,0
GRK2,47.1,0
R3HDM4,47.1,0
FAM234A,47,0
MED16,47,0
TMEM86B,47,0
REXO2,46.9,0
RAB32,46.9,0
CYB5R1,46.9,0
AASS,46.8,0
CLDND1,46.8,0
KIAA0930,46.8,0
CSK,46.8,0
FAM149A,46.8,0
CREBL2,46.8,0
UFD1,46.7,0
BUD23,46.7,0
SH3D19,46.7,0
ANXA11,46.7,0
EAPP,46.7,0
PGPEP1,46.7,0
ZBTB7B,46.7,0
RING1,46.7,0
NPC1L1,46.6,0
DNAJB6,46.6,0
CDC16,46.6,0
THEM6,46.6,0
GPS2,46.6,0
NDUFA9,46.6,0
COL6A1,46.6,0
SLC4A2,46.6,0
TPST1,46.6,0
MTPN,46.5,0
GTF2A2,46.5,0
FN3K,46.5,0
BCAM,46.5,0
SZRD1,46.4,0
PCNP,46.4,0
CBR4,46.4,0
TIMM17B,46.3,0
CYP7A1,46.3,0
FAM3C,46.3,0
CYP21A2,46.3,0
ACIN1,46.2,0
TMEM248,46.2,0
LGALS8,46.2,0
SLC17A1,46.2,0
MIX23,46.2,0
GFM1,46.2,0
MRPL22,46.1,0
SRSF7,46.1,0
LRRFIP1,46.1,0
LARP1B,46.1,0
CXADR,46.1,0
BSDC1,46.1,0
SARNP,46.1,0
RNF19A,46,0
STK25,46,0
CLSTN3,46,0
SETD7,46,0
ATP6V1B2,46,0
SMG5,46,0
C17orf49,46,0
ITPK1,45.9,0
TBCB,45.9,0
NUDT22,45.9,0
KLHDC2,45.9,0
TMEM129,45.9,0
ABCG8,45.8,0
SLC20A1,45.8,0
SRP19,45.8,0
TMED4,45.8,0
AIDA,45.8,0
PPP1R11,45.8,0
NPIPB5,45.8,0
RNF114,45.7,0
USP9X,45.7,0
PHF10,45.7,0
TMEM126A,45.7,0
PRKAG1,45.7,0
MKKS,45.7,0
NOSIP,45.6,0
DESI1,45.5,0
RHOT2,45.5,0
RAB10,45.4,0
ATP11C,45.4,0
CD99L2,45.4,0
CUEDC2,45.4,0
ARF6,45.4,0
RUVBL2,45.4,0
JPT1,45.4,0
CNOT7,45.4,0
SCO2,45.4,0
GCLM,45.3,0
SEPHS1,45.3,0
ESRP2,45.3,0
PRKAA1,45.3,0
RNF185,45.3,0
MFAP4,45.3,0
SHARPIN,45.3,0
HACD2,45.3,0
MPND,45.2,0
LRRFIP2,45.2,0
PSMD14,45.2,0
SMUG1,45.2,0
BID,45.1,0
RFFL,45.1,0
SYF2,45.1,0
GAA,45.1,0
PRPF31,45,0
PPM1G,45,0
PEX16,45,0
ORMDL1,45,0
RPL7L1,45,0
ENTR1,45,0
DNM2,44.9,0
ANAPC15,44.9,0
STK16,44.9,0
ORMDL2,44.9,0
COMMD7,44.9,0
MFF,44.9,0
PPP4R3B,44.9,0
VAMP7,44.8,0
WARS1,44.8,0
OTUB1,44.8,0
ALCAM,44.8,0
HSF1,44.8,0
PAF1,44.7,0
RPL26L1,44.7,0
AIP,44.7,0
STX8,44.7,0
RETREG1,44.6,0
INTS10,44.5,0
PIH1D1,44.5,0
YARS1,44.5,0
TCTA,44.5,0
TRPT1,44.5,0
TOP1,44.5,0
ERGIC2,44.4,0
MRPS25,44.4,0
UBE2J2,44.4,0
RPL22L1,44.4,0
FBXO8,44.4,0
OGA,44.4,0
LBR,44.3,0
NR1I2,44.3,0
AS3MT,44.3,0
ELOVL1,44.2,0
AK6,44.2,0
ALG2,44.2,0
STX16,44.2,0
RSAD1,44.2,0
RAB43,44.2,0
ARHGAP1,44.2,0
SETD3,44.2,0
ZC3H3,44.1,0
TMEM214,44.1,0
PPIG,44.1,0
MBNL1,44.1,0
MFSD3,44.1,0
FNTA,44.1,0
PTPN11,44.1,0
NISCH,44,0
ERI3,44,0
INTS11,44,0
ECSIT,44,0
PPP1R15B,44,0
ALG8,44,0
LRRC28,44,0
METTL23,44,0
STXBP2,43.9,0
PMPCB,43.9,0
MAL2,43.9,0
SPTSSA,43.9,0
MRPL58,43.9,0
GAK,43.9,0
WASL,43.8,0
UNC50,43.8,0
ACSS2,43.8,0
METTL5,43.8,0
VAV2,43.8,0
CKAP5,43.8,0
TBX15,43.7,0
CD53,43.7,0
CTSF,43.7,0
ENSG00000276256,43.7,0
TXLNA,43.6,0
MAPKAP1,43.6,0
ESYT1,43.6,0
INO80E,43.6,0
DCTN6,43.5,0
ABHD17A,43.5,0
NUDT9,43.5,0
NPIPA1,43.5,0
APOL6,43.5,0
HOMER2,43.4,0
SELENOK,43.4,0
TRIP12,43.4,0
RBKS,43.4,0
SLC35B1,43.3,0
SLC22A9,43.3,0
TXNRD1,43.3,0
IGHV1-69D,43.3,0
CPNE3,43.2,0
CLIP1,43.2,0
ELP2,43.2,0
SEC24B,43.2,0
FXN,43.2,0
MYADM,43.2,0
STK40,43.2,0
LUC7L,43.1,0
GPLD1,43.1,0
GARS1,43,0
MRPL35,43,0
ARRDC1,43,0
CYB5B,42.9,0
MACROH2A1,42.9,0
ARF3,42.9,0
DDX56,42.9,0
HPRT1,42.9,0
CORO1B,42.9,0
THRAP3,42.8,0
RNF126,42.8,0
GFER,42.8,0
IAH1,42.8,0
ISCA1,42.8,0
THNSL2,42.8,0
SNRPE,42.8,0
CUL3,42.7,0
GINM1,42.7,0
ANO1,42.7,0
ARL8A,42.7,0
MAIP1,42.7,0
MTX1,42.7,0
SEC24C,42.7,0
CHRDL2,42.6,0
TP53INP2,42.6,0
OBSL1,42.6,0
RRAS,42.6,0
SYNCRIP,42.6,0
PTRH2,42.6,0
PARL,42.6,0
SPOUT1,42.6,0
USP22,42.5,0
MYD88,42.5,0
VTA1,42.4,0
UBE2K,42.4,0
ANTKMT,42.4,0
BNIP3L,42.4,0
ITFG1,42.4,0
EMILIN1,42.4,0
IFNGR2,42.4,0
SRP72,42.4,0
CDIP1,42.3,0
VTI1B,42.3,0
MOCS1,42.3,0
BTBD6,42.3,0
IGLV3-25,42.3,0
CUL1,42.2,0
CIC,42.2,0
RWDD1,42.2,0
NRBF2,42.2,0
TMEM192,42.2,0
CNP,42.2,0
CLDN2,42.1,0
CAPN1,42,0
SH3GLB1,42,0
GGA1,42,0
AHR,42,0
ZNF787,42,0
ZNG1E,42,0
PAXX,42,0
KCMF1,42,0
MSL1,42,0
DYNLT3,41.9,0
ZNF664,41.9,0
LRP10,41.9,0
GET3,41.9,0
IGHG4,41.9,0
MANBAL,41.8,0
DHX15,41.8,0
FOLR2,41.8,0
COL27A1,41.8,0
RAB27A,41.7,0
ARSA,41.7,0
PPARGC1A,41.7,0
TTC1,41.7,0
TMEM106C,41.7,0
TMEM263,41.7,0
SLC25A27,41.7,0
CEP57,41.7,0
CRTAP,41.7,0
DNAJC19,41.7,0
CNN2,41.6,0
ICAM3,41.6,0
VAT1,41.6,0
EFR3A,41.6,0
ERAL1,41.6,0
RBM17,41.6,0
ACOT1,41.6,0
SNAP23,41.5,0
HOOK2,41.5,0
UBXN8,41.5,0
ERF,41.5,0
ITPR2,41.5,0
CHMP1A,41.5,0
TXNDC11,41.5,0
CAPN3,41.4,0
SMS,41.4,0
CPED1,41.4,0
ATP13A3,41.4,0
HS6ST1,41.4,0
FDX1,41.4,0
SIK1,41.4,0
TIPARP,41.4,0
PYM1,41.4,0
CYP4F12,41.4,0
SLC39A9,41.3,0
KLF3,41.3,0
BIRC2,41.3,0
DARS1,41.3,0
ZNF428,41.3,0
LYVE1,41.3,0
UBE2F,41.3,0
SEMA4B,41.3,0
UBE2H,41.3,0
ZNF511,41.3,0
PPM1B,41.2,0
MRPS18C,41.2,0
PLIN1,41.2,0
ATG13,41.2,0
GPBP1,41.1,0
SNX10,41.1,0
CMC2,41.1,0
LTA4H,41.1,0
ARL8B,41.1,0
TPM4,41.1,0
TVP23B,41.1,0
BNIP2,41,0
GFOD2,41,0
PIGT,40.9,0
MAN2C1,40.9,0
PLRG1,40.9,0
HSPA6,40.9,0
BECN1,40.8,0
PEX2,40.8,0
TRAPPC2L,40.8,0
KRCC1,40.8,0
DDX23,40.8,0
IGHG3,40.8,0
FGL2,40.7,0
SPCS3,40.7,0
SIAE,40.6,0
IRF3,40.6,0
SAFB,40.6,0
CZIB,40.6,0
HSPB6,40.5,0
POLR2E,40.5,0
TIMM44,40.5,0
RARS1,40.5,0
AJUBA,40.5,0
TLN1,40.5,0
DBT,40.5,0
ATG3,40.5,0
SSRP1,40.5,0
SWI5,40.5,0
PUM2,40.4,0
SCAMP3,40.4,0
IFT43,40.4,0
PANK3,40.4,0
TACO1,40.4,0
EIF4E,40.4,0
C5orf24,40.4,0
SMIM15,40.4,0
SLC2A10,40.4,0
TAPBP,40.4,0
ZC3H7B,40.3,0
WBP1L,40.3,0
CETP,40.2,0
OLFM2,40.2,0
BUD31,40.2,0
SLC2A8,40.2,0
PTGES2,40.2,0
NTMT1,40.2,0
CFDP1,40.2,0
ANKRD37,40.2,0
CCL15,40.2,0
BCL7C,40.1,0
MET,40.1,0
GLRX3,40.1,0
OLA1,40.1,0
ARNT,40.1,0
RAB5A,40.1,0
RMND5A,40.1,0
IWS1,40.1,0
TERF2IP,40.1,0
DAG1,40.1,0
TCAIM,40.1,0
NAGK,40,0
PROSER2,40,0
AGL,40,0
IPO5,39.9,0
BCS1L,39.9,0
XRN2,39.9,0
POLRMT,39.9,0
NDFIP2,39.9,0
ATN1,39.9,0
USP34,39.9,0
MFN2,39.9,0
GALNT1,39.9,0
USE1,39.8,0
ERLEC1,39.8,0
FCGR2B,39.8,0
CENPB,39.8,0
EIF4A3,39.8,0
NT5DC1,39.8,0
HDHD5,39.7,0
XPO1,39.7,0
MTMR4,39.7,0
MAN2A1,39.7,0
SLC25A22,39.7,0
HLA-DRB5,39.7,0
HUWE1,39.6,0
MACF1,39.6,0
SCAF11,39.6,0
SCAMP2,39.6,0
PI4KB,39.6,0
S100P,39.6,0
EOLA2,39.6,0
MAPK14,39.5,0
ARPP19,39.5,0
SNX9,39.5,0
ARFIP2,39.5,0
SS18,39.5,0
ADGRV1,39.5,0
CLDN3,39.5,0
TRABD,39.5,0
SRI,39.4,0
CLDN14,39.4,0
PSMD1,39.4,0
CLDN7,39.4,0
YTHDF2,39.4,0
IGHJ4,39.4,0
FBXO3,39.3,0
UBE3A,39.3,0
GSN,39.3,0
GSTM4,39.3,0
CSNK1E,39.3,0
GSS,39.2,0
CHKA,39.2,0
C1orf162,39.2,0
SIDT2,39.2,0
DNAJC3,39.1,0
CCDC85B,39.1,0
SBNO2,39,0
HDAC1,39,0
RASGEF1B,39,0
C1QTNF1,39,0
ARAP1,39,0
AGAP9,39,0
PHYKPL,38.9,0
AKR1B10,38.9,0
IGHV3-33,38.9,0
PACSIN2,38.8,0
ZNRD2,38.8,0
TMEM63A,38.8,0
JPT2,38.8,0
NOP16,38.7,0
RBM23,38.7,0
ACTR1A,38.7,0
MED8,38.7,0
MYORG,38.7,0
DDX21,38.7,0
TOR1AIP2,38.7,0
ST7,38.6,0
CYP3A43,38.6,0
NCKAP1,38.6,0
DYNC1I2,38.6,0
SEC16B,38.6,0
FBXO44,38.6,0
PEA15,38.6,0
SLC27A4,38.6,0
MYO1C,38.6,0
SLC17A9,38.5,0
MOSPD3,38.5,0
TEX261,38.5,0
CMTM8,38.5,0
CITED4,38.5,0
QKI,38.4,0
WASHC3,38.4,0
ANKRD11,38.4,0
LSM1,38.4,0
IGKV2-28,38.4,0
SULT1A3,38.4,0
RDH10,38.3,0
SCRN2,38.3,0
RHOG,38.3,0
YTHDF3,38.3,0
MRC1,38.3,0
IFT20,38.2,0
SNRNP25,38.2,0
MBD6,38.2,0
FARSA,38.2,0
TSPYL2,38.2,0
IGLV2-11,38.2,0
NOP58,38.1,0
ERLIN2,38.1,0
MGAT2,38.1,0
NUDT4,38.1,0
TNK2,38,0
CS,38,0
SLC44A1,38,0
NOP56,38,0
IGKJ3,38,0
ITCH,37.9,0
MLPH,37.9,0
TSFM,37.9,0
RARA,37.9,0
ETS1,37.9,0
OGDH,37.8,0
GSTT2B,37.8,0
COX16,37.8,0
ASNSD1,37.8,0
CUL4A,37.8,0
ERVK3-1,37.8,0
PYCR2,37.8,0
RTN4RL2,37.8,0
BLNK,37.7,0
RPA3,37.7,0
AP3S2,37.7,0
MPEG1,37.7,0
LETMD1,37.6,0
APBB1IP,37.6,0
ATP5PB,37.6,0
CTSS,37.6,0
TAF13,37.6,0
TUBE1,37.5,0
RBX1,37.5,0
SCLY,37.5,0
MARCHF7,37.5,0
SP3,37.5,0
DCTN2,37.5,0
GTPBP6,37.5,0
ZDHHC9,37.5,0
ARSD,37.4,0
PNPLA4,37.4,0
TM9SF1,37.4,0
ACSS3,37.4,0
WWC1,37.4,0
TEX30,37.4,0
DDX19B,37.4,0
NFIA,37.4,0
YY1AP1,37.4,0
BDH2,37.4,0
PTPN18,37.3,0
EDEM2,37.3,0
TMEM33,37.3,0
ATL2,37.3,0
CAPRIN1,37.3,0
WDR45B,37.3,0
SYNPO,37.3,0
HSPBP1,37.2,0
KIF12,37.2,0
MED11,37.2,0
ZNF768,37.2,0
TMEM9B,37.2,0
ENTPD6,37.2,0
DYNC2I2,37.1,0
HILPDA,37.1,0
TMEM63B,37.1,0
SFXN5,37.1,0
ZNF513,37.1,0
ABCE1,37.1,0
HDAC3,37.1,0
SLC39A11,37,0
PLA1A,37,0
GAS2,37,0
BAG3,37,0
SLC20A2,37,0
DIABLO,37,0
SRXN1,37,0
STX4,36.9,0
MFSD1,36.9,0
COQ10A,36.9,0
ZHX1,36.9,0
NFU1,36.9,0
SMIM20,36.9,0
PHKA2,36.8,0
CHAD,36.8,0
SHF,36.8,0
MPI,36.8,0
RBM14,36.8,0
KAT2B,36.7,0
MRPL44,36.7,0
ABHD3,36.7,0
BCL7B,36.6,0
SUPT7L,36.6,0
SLC25A23,36.6,0
FAM13A,36.6,0
TPRKB,36.6,0
SMN1,36.6,0
HCLS1,36.6,0
SH2D4A,36.5,0
STK11,36.5,0
ADAMTS1,36.5,0
PEX11A,36.5,0
FAM102A,36.5,0
SH2B1,36.5,0
THAP7,36.5,0
HLA-DPB1,36.5,0
FUBP3,36.4,0
MRPS27,36.4,0
SNX6,36.4,0
EIF5B,36.4,0
RSL1D1,36.4,0
PARP10,36.4,0
ADGRL2,36.3,0
CSTA,36.3,0
MLLT1,36.3,0
MEGF9,36.2,0
PLEKHA1,36.2,0
NDUFAF1,36.2,0
SLC9B2,36.2,0
ERCC1,36.1,0
NR5A2,36.1,0
RSRP1,36.1,0
BOLA3,36.1,0
ZNF22,36.1,0
MRPS16,36.1,0
RPP21,36.1,0
OTUD5,36,0
RAB11FIP3,36,0
SGSM3,36,0
ARFRP1,36,0
PFDN1,36,0
GLYR1,36,0
RIC8A,36,0
ZNF395,36,0
IPO7,36,0
TUT7,35.9,0
ZMPSTE24,35.9,0
ATG101,35.9,0
PEX5,35.9,0
TOR1AIP1,35.9,0
TK2,35.9,0
STIM1,35.9,0
FAM89B,35.9,0
CCDC159,35.9,0
AK1,35.8,0
CHD1L,35.8,0
VPS51,35.8,0
PALM2AKAP2,35.8,0
AR,35.8,0
DHPS,35.7,0
EML4,35.7,0
MEPCE,35.7,0
UHMK1,35.7,0
TMEM150A,35.7,0
PLEC,35.7,0
SELENOM,35.7,0
CPNE1,35.7,0
ENSG00000285976,35.7,0
NGEF,35.6,0
MAPRE3,35.6,0
CCDC198,35.6,0
SF3A2,35.6,0
LRP3,35.6,0
POLE3,35.6,0
MIDN,35.6,0
EXOSC4,35.6,0
AMZ2,35.6,0
CYB561D2,35.5,0
MBD4,35.5,0
MRPS36,35.5,0
TRIM55,35.5,0
EBAG9,35.5,0
INPPL1,35.5,0
HLA-DQB1,35.5,0
IST1,35.5,0
DRG1,35.5,0
C8orf82,35.5,0
ATOSA,35.4,0
TTC17,35.4,0
FBXW4,35.4,0
UCHL5,35.4,0
CAMK1,35.4,0
NAB1,35.4,0
PGAP3,35.4,0
MAP2K1,35.4,0
PRPF40A,35.4,0
PIGV,35.3,0
DLGAP4,35.3,0
PSMD11,35.3,0
TFB2M,35.3,0
HMGB2,35.3,0
SERPINB8,35.3,0
SS18L1,35.3,0
SLC25A29,35.3,0
DHX16,35.3,0
DDX47,35.3,0
NFS1,35.3,0
SLC35C2,35.2,0
NAA10,35.2,0
ATP6V1A,35.2,0
ARMT1,35.2,0
SSBP3,35.2,0
MTFP1,35.2,0
RRP36,35.1,0
ITM2C,35.1,0
CWC15,35.1,0
CRADD,35.1,0
MRPS10,35,0
SUPT6H,35,0
MPP1,35,0
CCNH,35,0
NOLC1,35,0
SNRPD1,35,0
C14orf119,35,0
CDKN1B,34.9,0
COQ10B,34.9,0
SLC35A3,34.9,0
OSER1,34.9,0
UBALD2,34.9,0
IGKV1-33,34.9,0
TMPO,34.8,0
SHLD2,34.8,0
FOXA2,34.8,0
RMDN3,34.8,0
NSMF,34.8,0
MAN2A2,34.8,0
GOLGA8B,34.8,0
LSM14A,34.8,0
POLR2J3,34.8,0
SAMM50,34.7,0
HBP1,34.7,0
SULT1E1,34.7,0
SLC19A2,34.7,0
SLC17A3,34.7,0
IL33,34.7,0
AKR7L,34.7,0
SPOP,34.6,0
SLC25A44,34.6,0
GPC1,34.5,0
DBH,34.5,0
DHX9,34.5,0
CAB39,34.5,0
DNAJC1,34.5,0
TMEM175,34.4,0
EPO,34.4,0
N4BP2L2,34.4,0
NSUN2,34.3,0
VAPA,34.3,0
SALL1,34.3,0
DMAC2,34.3,0
VAPB,34.3,0
UBAP2L,34.3,0
ZDHHC5,34.3,0
MYO9B,34.2,0
COL1A1,34.2,0
COMMD9,34.2,0
INO80B,34.2,0
SLC3A1,34.2,0
CRTC2,34.2,0
BSCL2,34.2,0
COA6,34.2,0
GGNBP2,34.2,0
ZC3H14,34.1,0
LPGAT1,34.1,0
SUGT1,34.1,0
TMUB2,34.1,0
TMEM134,34.1,0
GMPPB,34.1,0
ULK1,34.1,0
IGKV3-15,34.1,0
ENSG00000272617,34.1,0
SMIM24,34,0
VRK3,34,0
PDCD10,34,0
FBXO2,34,0
WIPI2,34,0
ACSF2,34,0
SREBF2,34,0
FAM156A,34,0
BPNT2,33.9,0
OLFML3,33.9,0
SPP1,33.9,0
NCOR1,33.9,0
COQ8A,33.9,0
H2AC6,33.9,0
IGLV3-21,33.9,0
ZDHHC8,33.8,0
CDK16,33.8,0
CRYAB,33.8,0
PDCD4,33.8,0
AGFG1,33.8,0
SLC16A13,33.8,0
THPO,33.7,0
GORASP1,33.7,0
CGNL1,33.7,0
DNAJA2,33.6,0
ASCC2,33.6,0
UBA2,33.6,0
SLC22A3,33.6,0
GTF3C5,33.6,0
C4orf19,33.6,0
CDK3,33.6,0
HYAL2,33.5,0
TBC1D17,33.5,0
TSPAN12,33.5,0
UBTF,33.5,0
FOXRED1,33.5,0
TENT5A,33.5,0
CNOT1,33.5,0
MRPL47,33.5,0
TOR1A,33.5,0
MEMO1,33.5,0
ZNHIT3,33.5,0
SNAP29,33.4,0
WDR59,33.4,0
STMN1,33.4,0
ITPA,33.4,0
ZDHHC4,33.4,0
C2orf74,33.4,0
GGCT,33.3,0
RAP1GAP,33.3,0
GATA4,33.3,0
MIEN1,33.3,0
PRCC,33.3,0
PHLDB2,33.3,0
TRA2A,33.3,0
BMI1,33.3,0
LARP7,33.3,0
CRCP,33.3,0
NUB1,33.2,0
CHDH,33.2,0
NMI,33.2,0
TMEM60,33.2,0
TMEM127,33.2,0
ARRB2,33.2,0
PLAC8,33.2,0
LRMDA,33.2,0
RILP,33.2,0
SMAD2,33.2,0
CLN3,33.2,0
RXRB,33.2,0
CLN5,33.1,0
ZFAND1,33.1,0
CXXC1,33.1,0
TPRA1,33.1,0
LMBRD1,33.1,0
SPNS1,33.1,0
TSEN34,33.1,0
OPLAH,33.1,0
NELFB,33.1,0
ABHD16A,33.1,0
HSBP1L1,33.1,0
CPOX,33,0
DDX18,33,0
AP1B1,33,0
GPR108,33,0
EIF2S1,33,0
PITPNA,33,0
ZFYVE21,32.9,0
FXR1,32.9,0
FAAH,32.9,0
SLC39A3,32.9,0
PARP1,32.9,0
WDR5,32.9,0
DYNLL2,32.9,0
AP2B1,32.8,0
SCFD1,32.8,0
HPS5,32.8,0
BTBD2,32.8,0
EMP1,32.8,0
PEX14,32.8,0
SNAPC5,32.8,0
CROT,32.7,0
CYTH1,32.7,0
SLC1A2,32.7,0
PDZD11,32.7,0
SLTM,32.7,0
CLEC3B,32.7,0
TMCC1,32.7,0
NRBP2,32.7,0
NEDD4L,32.6,0
UNC119,32.6,0
NUP214,32.6,0
LRRC41,32.6,0
USP12,32.6,0
BUB3,32.6,0
PSMG3,32.6,0
PPFIBP2,32.6,0
HSPA4,32.6,0
THOC3,32.5,0
LIPG,32.5,0
CNOT2,32.5,0
TNFRSF10B,32.5,0
TMEM115,32.5,0
GSTA4,32.5,0
TTC3,32.5,0
NOC2L,32.5,0
IGHA2,32.5,0
PRKAG2,32.4,0
RETREG3,32.4,0
TCEAL9,32.4,0
ZMYND11,32.3,0
WDR18,32.3,0
RAPGEF4,32.3,0
SMARCB1,32.3,0
SEC24A,32.3,0
SRRM1,32.3,0
IPO8,32.3,0
PNPLA8,32.3,0
ATIC,32.3,0
LUM,32.3,0
PIGR,32.3,0
RBM47,32.3,0
MLST8,32.3,0
HDAC2,32.3,0
EIF3CL,32.3,0
MRPL45,32.3,0
NFYC,32.2,0
CHMP2B,32.2,0
DDX24,32.2,0
IGFBP5,32.2,0
ACY3,32.2,0
EGFR,32.2,0
CSTF3,32.2,0
COPS8,32.2,0
BTBD1,32.1,0
CPPED1,32.1,0
GOSR2,32.1,0
ABHD10,32.1,0
ZBTB8OS,32.1,0
NUDT16,32.1,0
MAPK1,32,0
CINP,32,0
DDX6,32,0
SAFB2,32,0
CCAR2,32,0
NDUFAF2,32,0
IRF2,32,0
GPR137,32,0
TM6SF2,32,0
AIMP2,31.9,0
CRBN,31.9,0
RGS5,31.9,0
NIFK,31.9,0
FAM20C,31.9,0
C6orf89,31.9,0
PPP1R10,31.9,0
JKAMP,31.8,0
BCAP29,31.8,0
TRMT2A,31.8,0
COQ6,31.8,0
PSME3,31.8,0
RITA1,31.8,0
SNAPIN,31.8,0
LARP1,31.8,0
MFSD12,31.8,0
STARD4,31.8,0
GFM2,31.8,0
GBA1,31.8,0
KIAA1671,31.8,0
SDHAF1,31.8,0
ATF6B,31.8,0
POLB,31.7,0
CFAP20,31.7,0
MAEA,31.7,0
VIPR1,31.7,0
WRNIP1,31.7,0
SEPTIN11,31.7,0
CYB561A3,31.7,0
SLBP,31.7,0
PSMB9,31.7,0
SEC22B,31.7,0
SPPL2B,31.6,0
USP10,31.6,0
EML3,31.6,0
FLAD1,31.6,0
MRPL1,31.6,0
PAK2,31.6,0
TM9SF4,31.5,0
NMT1,31.5,0
ABCA8,31.5,0
EPHB4,31.5,0
IYD,31.4,0
SNW1,31.4,0
PRELID3B,31.4,0
DNASE2,31.4,0
TXNDC15,31.4,0
DNPEP,31.4,0
AASDHPPT,31.4,0
SPHK2,31.3,0
YTHDC1,31.3,0
B4GALT2,31.3,0
SIRT5,31.3,0
YAP1,31.3,0
CCDC12,31.3,0
WDR81,31.3,0
ZNF32,31.3,0
LRRC20,31.3,0
TMPRSS2,31.3,0
DDX42,31.3,0
CAPZA2,31.3,0
SRA1,31.3,0
LRCH4,31.2,0
FOLH1,31.2,0
XYLB,31.2,0
SEC23B,31.2,0
PSMD10,31.2,0
PDS5A,31.2,0
MAPRE2,31.2,0
FIBP,31.2,0
GET1,31.2,0
TMEM50A,31.2,0
UBE2G2,31.2,0
C1D,31.2,0
MYO15B,31.2,0
IL17RB,31.1,0
UBE2R2,31.1,0
MSTO1,31.1,0
CRB3,31.1,0
ZCCHC9,31.1,0
SLC31A2,31.1,0
UBL7,31.1,0
LMO4,31.1,0
ZCCHC24,31.1,0
AP1G1,31.1,0
BOLA2B,31.1,0
PDCD6IP,31.1,0
FAM136A,31,0
PUS3,31,0
TMEM109,31,0
TIA1,31,0
TUT4,31,0
TEX2,31,0
TRA2B,31,0
BRD4,31,0
UBE2Z,31,0
PATL1,31,0
TMEM167A,31,0
MAMDC4,31,0
LIMK2,31,0
ZBED1,31,0
MTIF2,30.9,0
SNX17,30.9,0
GEMIN7,30.9,0
INPP1,30.9,0
SNF8,30.9,0
WDR72,30.9,0
SPAG9,30.8,0
DUSP16,30.8,0
DUSP10,30.8,0
BOD1,30.8,0
SLX9,30.8,0
ERAP1,30.8,0
FLII,30.8,0
CDC42EP4,30.8,0
PPARA,30.8,0
ALKBH2,30.8,0
TMEM167B,30.8,0
RABEP1,30.7,0
PVR,30.7,0
R3HCC1,30.7,0
NCOA7,30.7,0
FCF1,30.7,0
ERBB2,30.7,0
CCDC25,30.7,0
DIPK1A,30.7,0
SLC35A1,30.7,0
CLPX,30.7,0
SRP68,30.7,0
RBM10,30.7,0
ERO1A,30.7,0
VPS9D1,30.6,0
SLC35A2,30.6,0
ARL2BP,30.6,0
DUSP22,30.6,0
ILF3,30.6,0
FXYD6,30.6,0
DEF8,30.6,0
MRPL9,30.6,0
CIAO1,30.6,0
UBQLN4,30.6,0
MLXIP,30.6,0
E2F4,30.6,0
UBD,30.6,0
TMEM35B,30.6,0
PDCD2,30.5,0
STK24,30.5,0
GTF2B,30.5,0
GTPBP2,30.5,0
NPIPB15,30.5,0
MAFK,30.5,0
ELAC2,30.4,0
CALCA,30.4,0
FBRSL1,30.4,0
PRPF3,30.4,0
IRF8,30.4,0
MARCHF6,30.4,0
ADHFE1,30.4,0
UGCG,30.4,0
YTHDF1,30.4,0
ATP2B2,30.4,0
WDR82,30.4,0
ASMTL,30.4,0
B4GALT7,30.3,0
GTF2F1,30.3,0
RANBP10,30.3,0
UBP1,30.3,0
SLC35B2,30.3,0
ZNF146,30.3,0
VASN,30.3,0
RNPEP,30.3,0
PTGR3,30.3,0
POLDIP3,30.2,0
GRB10,30.2,0
PLPP5,30.2,0
PGAP2,30.2,0
HDGFL2,30.2,0
PKM,30.1,0
HAUS4,30.1,0
CREB3,30.1,0
CPEB3,30.1,0
PWP1,30.1,0
LURAP1L,30.1,0
CNOT11,30.1,0
MICU2,30.1,0
SLC25A30,30.1,0
CA5A,30.1,0
STIMATE,30.1,0
DNAJC25,30,0
DGCR2,30,0
KCNN2,30,0
CHCHD3,30,0
SCPEP1,30,0
ARMC5,30,0
CGN,30,0
DTX3L,30,0
SDHAF3,30,0
ADSL,30,0
FOSL2,29.9,0
NUBP1,29.9,0
DTX4,29.9,0
GPN3,29.9,0
IRF6,29.9,0
ZFYVE27,29.9,0
STMP1,29.9,0
CDHR2,29.8,0
TIMM9,29.8,0
ARHGAP5,29.8,0
CSNK2A1,29.8,0
BET1,29.8,0
PPP6R3,29.8,0
KPNA1,29.8,0
AKTIP,29.8,0
KIF5B,29.8,0
SLC22A25,29.8,0
NAGA,29.8,0
IGKV1-5,29.8,0
UNG,29.7,0
UBA5,29.7,0
PBDC1,29.7,0
RPA2,29.7,0
MRPS9,29.7,0
TNIP2,29.7,0
RGS14,29.7,0
LAMB2,29.7,0
DGCR6,29.7,0
IGLV1-47,29.7,0
NUP62,29.7,0
DGUOK,29.6,0
WDR74,29.6,0
GNL2,29.6,0
MAPK8IP3,29.6,0
DCAF5,29.6,0
TNKS1BP1,29.6,0
NUS1,29.6,0
UBE2Q1,29.6,0
RBM33,29.6,0
TBC1D3L,29.6,0
FBXL15,29.5,0
CHD4,29.5,0
NGDN,29.5,0
YIPF5,29.5,0
CETN2,29.5,0
GPAT4,29.5,0
SLC50A1,29.5,0
FBXL3,29.4,0
DCUN1D1,29.4,0
GMDS,29.4,0
PLEKHG3,29.4,0
TRPM8,29.4,0
PBX2,29.4,0
CD24,29.4,0
PARP3,29.3,0
PCM1,29.3,0
RRN3,29.3,0
CAMKK2,29.3,0
NT5C,29.3,0
ANGPTL6,29.3,0
EIF2D,29.3,0
RPUSD3,29.3,0
S1PR1,29.3,0
ABCF1,29.3,0
TRIQK,29.3,0
NELFCD,29.2,0
KCTD20,29.2,0
HECTD3,29.2,0
UBE2D2,29.2,0
AKIRIN2,29.2,0
REPS1,29.2,0
MTA2,29.2,0
VBP1,29.2,0
BCAR1,29.1,0
ARHGEF1,29.1,0
PXN,29.1,0
KAT8,29.1,0
CERT1,29.1,0
DENND10,29.1,0
UBA3,29.1,0
PLK2,29.1,0
OMA1,29.1,0
CAVIN2,29.1,0
PNPLA3,29,0
CCNY,29,0
PDHX,29,0
ACVR1B,29,0
MSRB2,29,0
SHKBP1,29,0
DHRSX,29,0
CLK3,29,0
ENPP1,29,0
MICA,29,0
CHMP1B,29,0
ZNF638,28.9,0
BAX,28.9,0
USB1,28.9,0
FNBP4,28.9,0
GNPAT,28.9,0
TUBA4A,28.9,0
PTPN12,28.9,0
MDM2,28.9,0
FBRS,28.9,0
NCK1,28.9,0
ZNF24,28.9,0
MAFB,28.9,0
CD44,28.8,0
FOXN3,28.8,0
PHF5A,28.8,0
HTATSF1,28.8,0
YJU2B,28.8,0
GOSR1,28.8,0
NAT9,28.8,0
PRRC2C,28.8,0
CSE1L,28.8,0
KHDC4,28.8,0
MRPL10,28.8,0
RAB4A,28.8,0
VARS1,28.8,0
IGKJ5,28.8,0
GRPEL1,28.7,0
MOB1A,28.7,0
LPIN3,28.7,0
SCO1,28.7,0
USP16,28.7,0
PBXIP1,28.7,0
DAPK3,28.7,0
ZDHHC16,28.7,0
MAFF,28.7,0
PCGF3,28.7,0
NPIPB4,28.7,0
ZFP91,28.7,0
IRF9,28.7,0
URGCP,28.6,0
ACOT13,28.6,0
MTERF2,28.6,0
TBC1D15,28.6,0
AKAP12,28.6,0
PPHLN1,28.6,0
VPS26B,28.6,0
EFCAB14,28.6,0
RBBP4,28.6,0
BRD7,28.6,0
ATG9A,28.6,0
INAFM1,28.6,0
PRSS2,28.6,0
GCFC2,28.5,0
PKP2,28.5,0
POFUT1,28.5,0
PDAP1,28.5,0
EIF2B1,28.5,0
FBXO25,28.5,0
SEC16A,28.5,0
BACH1,28.5,0
GOLGA2,28.5,0
TAPT1,28.5,0
C6orf136,28.5,0
ENSG00000283149,28.5,0
ADNP,28.4,0
MAPRE1,28.4,0
URI1,28.4,0
VPS26A,28.4,0
MPHOSPH10,28.4,0
ZRANB2,28.4,0
KIAA0319L,28.4,0
ACKR3,28.4,0
LZIC,28.4,0
COMTD1,28.4,0
BRMS1,28.4,0
ADSS1,28.4,0
NBPF15,28.4,0
HGF,28.3,0
PRPF6,28.3,0
C19orf25,28.3,0
TRIM25,28.3,0
KLC1,28.3,0
ARRDC4,28.3,0
ZDHHC7,28.3,0
EXOC7,28.3,0
PGM3,28.2,0
ACP5,28.2,0
GSK3A,28.2,0
CUTC,28.2,0
SNRPB2,28.2,0
ABHD8,28.2,0
HAT1,28.2,0
HDHD2,28.2,0
PTK2,28.2,0
CLK2,28.2,0
DMAP1,28.2,0
MXRA7,28.2,0
PAFAH1B1,28.1,0
POLR2B,28.1,0
TGDS,28.1,0
NCBP2,28.1,0
DNAJB12,28.1,0
SLC25A46,28.1,0
ZNF524,28.1,0
PDE8A,28,0
QTRT1,28,0
PCDHGC3,28,0
POGZ,27.9,0
SUSD3,27.9,0
ARL5B,27.9,0
TM2D2,27.9,0
NDUFA4L2,27.9,0
TBC1D8,27.9,0
CNOT3,27.8,0
HIPK3,27.8,0
WASHC4,27.8,0
NUMA1,27.8,0
FAM168B,27.8,0
BOLA2,27.8,0
SCAMP4,27.8,0
UFL1,27.7,0
PLEK2,27.7,0
HOOK1,27.7,0
LRRC8A,27.7,0
POLR1E,27.7,0
RMND1,27.7,0
STEAP1,27.7,0
ASXL1,27.7,0
ATAD3A,27.7,0
MAP3K13,27.6,0
C1orf54,27.6,0
RNF146,27.6,0
FBH1,27.6,0
CCDC90B,27.6,0
RMND5B,27.6,0
VPS26C,27.6,0
DMTN,27.6,0
ZFPL1,27.6,0
NR1D2,27.6,0
AGTRAP,27.6,0
TSC22D2,27.6,0
COX20,27.6,0
IGKV2-30,27.6,0
IGBP1,27.5,0
CTNNAL1,27.5,0
UBE2G1,27.5,0
CAMK2D,27.5,0
MFSD14A,27.5,0
MEAF6,27.5,0
SYAP1,27.5,0
FEZ2,27.5,0
C11orf68,27.5,0
TOB2,27.5,0
THAP3,27.4,0
PTPN3,27.4,0
CABIN1,27.4,0
ABHD12,27.4,0
CEP70,27.4,0
TTPAL,27.4,0
COG3,27.4,0
FN3KRP,27.4,0
SNRNP200,27.4,0
LSM12,27.4,0
TM2D1,27.4,0
NECTIN3,27.4,0
ALYREF,27.4,0
SOWAHC,27.4,0
ZNF770,27.4,0
TCAF1,27.4,0
PGAM5,27.4,0
NOTCH2NLA,27.4,0
ERP44,27.3,0
BIRC3,27.3,0
SCAP,27.3,0
SUN1,27.3,0
LDB1,27.3,0
LSM2,27.3,0
F8A1,27.3,0
PRSS8,27.2,0
ERBIN,27.2,0
DYNC1LI2,27.2,0
COPS3,27.2,0
TRAPPC12,27.2,0
SNX33,27.2,0
SAMD4B,27.2,0
SECISBP2,27.2,0
BLOC1S2,27.2,0
FDX2,27.2,0
C20orf27,27.1,0
FMR1,27.1,0
RMDN2,27.1,0
ZNF410,27.1,0
EMP3,27.1,0
DPT,27.1,0
ANP32E,27.1,0
OSBPL11,27.1,0
SRD5A1,27.1,0
FLCN,27.1,0
FAM204A,27.1,0
PSMG4,27.1,0
CDC42BPB,27.1,0
XAB2,27,0
TNPO1,27,0
MRPS31,27,0
DCUN1D4,27,0
NFYB,27,0
FYTTD1,27,0
SNX14,27,0
MBIP,27,0
CXCL10,27,0
SCML1,26.9,0
TMX4,26.9,0
TMOD1,26.9,0
METTL25B,26.9,0
SLC30A5,26.9,0
S100A12,26.9,0
EXOSC1,26.9,0
CCDC69,26.9,0
RORA,26.8,0
SLC46A1,26.8,0
PEX6,26.8,0
PTPRA,26.8,0
SCYL2,26.8,0
SUCLA2,26.8,0
ECPAS,26.8,0
IQSEC1,26.8,0
CYB5D2,26.8,0
KAT5,26.8,0
HLA-F,26.8,0
ROGDI,26.7,0
FNDC3B,26.7,0
PITPNM2,26.7,0
PIN4,26.7,0
DDX49,26.7,0
RPAIN,26.7,0
FRRS1,26.7,0
BABAM2,26.7,0
NOL7,26.7,0
CAD,26.6,0
TOMM22,26.6,0
PRMT5,26.6,0
UQCC1,26.6,0
SRSF11,26.6,0
VPS4B,26.6,0
HS3ST3B1,26.6,0
ENPP2,26.6,0
LDLRAP1,26.6,0
SUGCT,26.6,0
AMY2B,26.6,0
CDK11B,26.6,0
CDK11A,26.5,0
NCAPH2,26.5,0
SELENOO,26.5,0
ACLY,26.5,0
PPP2R2A,26.5,0
CCL5,26.5,0
NSFL1C,26.4,0
INTS6,26.4,0
HINT3,26.4,0
CAMLG,26.4,0
ENHO,26.4,0
SOCS6,26.4,0
ASB8,26.4,0
CEP43,26.4,0
PEX11B,26.3,0
ILKAP,26.3,0
NUDT2,26.3,0
ISG20,26.3,0
IGLV1-40,26.3,0
NPIPA7,26.3,0
CEBPZOS,26.3,0
SLC2A3,26.2,0
RBFA,26.2,0
VAC14,26.2,0
CAPS,26.2,0
TMEM160,26.2,0
WDR33,26.2,0
USP8,26.2,0
MVB12A,26.2,0
NAE1,26.2,0
NCOR2,26.2,0
PSMD12,26.2,0
SENP6,26.1,0
PHF3,26.1,0
RBBP6,26.1,0
EPRS1,26.1,0
ADD3,26.1,0
ELMO1,26.1,0
SETD5,26.1,0
FILIP1L,26.1,0
PTPN2,26.1,0
SCRIB,26.1,0
DEFA3,26.1,0
IGSF9,26,0
RHOU,26,0
AKAP9,26,0
RBM39,26,0
SPRY2,26,0
CFAP410,26,0
ARHGEF40,26,0
CD2BP2,26,0
CIAPIN1,25.9,0
SLC66A1,25.9,0
NFX1,25.9,0
FRG1,25.9,0
ST3GAL4,25.9,0
FGFR1OP2,25.9,0
TUSC2,25.9,0
CACYBP,25.9,0
AFG3L2,25.9,0
PLEKHA6,25.9,0
VPS37A,25.9,0
URM1,25.9,0
GRAMD1C,25.9,0
CAPN12,25.9,0
CD55,25.9,0
IL27,25.9,0
PGA4,25.9,0
TRMT11,25.8,0
CRKL,25.8,0
SF3A1,25.8,0
UBE4A,25.8,0
DENR,25.8,0
FITM1,25.8,0
SLC27A3,25.8,0
IFI16,25.8,0
POLL,25.8,0
ZNG1A,25.8,0
DAPK1,25.8,0
ZNG1C,25.8,0
PRSS1,25.8,0
IGHJ5,25.8,0
TMEM98,25.7,0
RAI14,25.7,0
FSTL3,25.7,0
WAC,25.7,0
PLEK,25.7,0
UBAC2,25.7,0
KYAT3,25.7,0
CIR1,25.7,0
MBTPS1,25.7,0
SUMF1,25.7,0
ATP6V1C1,25.7,0
CSF1R,25.7,0
RUFY3,25.6,0
BCLAF1,25.6,0
RNF4,25.6,0
NEDD4,25.6,0
NFKB2,25.6,0
DHRS2,25.6,0
EMC9,25.6,0
CAND1,25.6,0
GLT1D1,25.6,0
HGSNAT,25.6,0
ACYP2,25.6,0
SF3A3,25.6,0
MED29,25.5,0
PHRF1,25.5,0
PLIN3,25.5,0
FASTKD2,25.5,0
PLS1,25.5,0
LGALS3,25.5,0
DUSP5,25.5,0
LYPLAL1,25.5,0
NSA2,25.5,0
DENND2B,25.5,0
MAPK1IP1L,25.5,0
NUDT6,25.5,0
MCRS1,25.5,0
RPE,25.5,0
ACOT8,25.4,0
TXNDC9,25.4,0
TPGS2,25.4,0
ZNF76,25.3,0
HDAC6,25.3,0
NECAB2,25.3,0
NKG7,25.3,0
ING4,25.3,0
CEBPZ,25.3,0
TRIP10,25.3,0
UTP3,25.3,0
DDB2,25.3,0
DUS3L,25.3,0
PDSS2,25.3,0
NOL6,25.3,0
ELOA,25.2,0
CHERP,25.2,0
HECTD1,25.2,0
PEX11G,25.2,0
SLAIN2,25.2,0
HNRNPR,25.2,0
IMPA1,25.2,0
ABI1,25.2,0
DHX38,25.2,0
ANAPC16,25.2,0
TRAPPC4,25.2,0
UBE2J1,25.2,0
BLOC1S6,25.1,0
THOC2,25.1,0
SCAF1,25.1,0
DNAJC8,25.1,0
PAK4,25.1,0
FES,25.1,0
CMC4,25.1,0
HAPSTR1,25.1,0
NPW,25.1,0
DERL2,25,0
NKTR,25,0
TCTN3,25,0
LPIN1,25,0
TADA1,25,0
PRRC1,25,0
SLC39A13,25,0
FAM91A1,25,0
SFXN4,25,0
STYX,25,0
ABHD14A,25,0
PHF23,24.9,0
SH3BP2,24.9,0
CAV1,24.9,0
PPFIBP1,24.9,0
DCTN4,24.9,0
RNF149,24.9,0
USP32,24.9,0
SLC35E2B,24.9,0
IGLV6-57,24.9,0
ATXN7L3,24.8,0
DHRS7B,24.8,0
G6PC3,24.8,0
SLC25A37,24.8,0
PIP4P1,24.8,0
RANBP9,24.7,0
EMD,24.7,0
NOP2,24.7,0
NIT2,24.7,0
DHX30,24.7,0
AUH,24.7,0
GPER1,24.7,0
ZNF672,24.7,0
ZDHHC6,24.6,0
LCP2,24.6,0
PPIE,24.6,0
GNA11,24.6,0
PRPF38B,24.6,0
TAP1,24.6,0
GREM2,24.6,0
MACO1,24.6,0
NCBP2AS2,24.6,0
LLGL2,24.5,0
PTPMT1,24.5,0
TJAP1,24.5,0
SMYD2,24.5,0
SH3GLB2,24.5,0
DNAJC21,24.5,0
ABHD15,24.5,0
UBE2V2,24.5,0
CHCHD7,24.5,0
ARV1,24.5,0
ZMAT5,24.4,0
PRPS2,24.4,0
SEPSECS,24.4,0
ACAD8,24.4,0
CYRIB,24.4,0
RNF139,24.4,0
IGLV2-23,24.4,0
TRIM26,24.4,0
MARCKS,24.4,0
MEF2A,24.3,0
TSNAX,24.3,0
AFTPH,24.3,0
MKKS,24.3,0
TMEM177,24.3,0
PI4KA,24.3,0
CYFIP1,24.3,0
DLG1,24.2,0
ABHD4,24.2,0
PPAN,24.2,0
PUM1,24.2,0
ABCF3,24.2,0
NHLRC3,24.2,0
GMFB,24.2,0
ITSN2,24.2,0
NELFE,24.2,0
RASSF1,24.1,0
BRD8,24.1,0
B4GALT5,24.1,0
MAF,24.1,0
BRWD1,24.1,0
MED24,24,0
STAU2,24,0
WFDC2,24,0
PPP6R1,24,0
GIGYF1,24,0
IMMP2L,24,0
DAXX,24,0
ARL16,24,0
PFN2,23.9,0
SLC11A2,23.9,0
EEPD1,23.9,0
PKN1,23.9,0
UBAC1,23.9,0
TMEM94,23.9,0
BOLA1,23.9,0
RFC1,23.8,0
MUL1,23.8,0
GID8,23.8,0
UTP6,23.8,0
DPH1,23.8,0
TMEM45B,23.8,0
SNRK,23.8,0
TENT2,23.8,0
DPAGT1,23.8,0
MUSTN1,23.8,0
GDE1,23.7,0
PNKP,23.7,0
TBC1D1,23.7,0
CDC25B,23.7,0
SEC14L1,23.7,0
TARS2,23.7,0
CSNK1G3,23.7,0
MMS19,23.7,0
COX7A1,23.7,0
KCNK5,23.7,0
TMEM42,23.7,0
ARMC10,23.7,0
ODF3B,23.7,0
RALGAPA2,23.7,0
RABL6,23.7,0
EIF1AY,23.7,0
NTHL1,23.6,0
POLR1H,23.6,0
CAMSAP3,23.6,0
RBBP9,23.6,0
USP14,23.6,0
PHKB,23.6,0
CLDN15,23.6,0
NPDC1,23.6,0
NSMCE4A,23.6,0
FAM20A,23.6,0
AMPD2,23.6,0
FAM98A,23.6,0
TIMM8A,23.6,0
LRRC61,23.6,0
CTIF,23.6,0
TBCD,23.6,0
MOGAT2,23.6,0
TRMT10C,23.6,0
SMIM29,23.6,0
EOLA1,23.6,0
CTR9,23.6,0
ZRANB1,23.5,0
MAP2K7,23.5,0
MAP3K20,23.5,0
DIDO1,23.5,0
TMEM245,23.5,0
PALLD,23.5,0
LTV1,23.5,0
FLNB,23.5,0
FOXP4,23.5,0
NOB1,23.5,0
TATDN1,23.5,0
TMEM70,23.5,0
MAGEF1,23.5,0
LMNTD2,23.5,0
CPT1B,23.5,0
RANBP3,23.4,0
TMEM101,23.4,0
CCDC9,23.4,0
FZR1,23.4,0
STK38,23.4,0
PHF1,23.4,0
PPP6C,23.4,0
SESN2,23.4,0
DGLUCY,23.4,0
SNX12,23.4,0
AOPEP,23.4,0
EXT2,23.4,0
FANCC,23.4,0
PEX13,23.4,0
STAT5B,23.4,0
USP7,23.4,0
NKIRAS1,23.4,0
ENSG00000273748,23.4,0
MSR1,23.3,0
PER3,23.3,0
ZFR,23.3,0
EXOSC5,23.3,0
PARP4,23.3,0
RGCC,23.3,0
ZPR1,23.3,0
STXBP3,23.3,0
ELK1,23.3,0
USP15,23.3,0
TCF12,23.3,0
HMG20A,23.3,0
SNAP47,23.3,0
IFNAR2,23.3,0
BPNT1,23.3,0
ELP6,23.3,0
RESF1,23.3,0
EVI2B,23.3,0
FAM229B,23.3,0
NRAS,23.3,0
IGHV3-30,23.3,0
ATP1B3,23.2,0
PRORP,23.2,0
RAB9A,23.2,0
RFTN1,23.2,0
SMARCC2,23.2,0
TMEM47,23.2,0
DRAM2,23.2,0
DEDD,23.2,0
AFF1,23.2,0
LSG1,23.1,0
USP48,23.1,0
TRPM7,23.1,0
GPR89A,23.1,0
LARS1,23.1,0
FXYD2,23.1,0
SAMD1,23.1,0
METTL21A,23.1,0
ADGRG7,23.1,0
U2SURP,23.1,0
DOLPP1,23.1,0
NPAS2,23.1,0
SPATA13,23.1,0
C6orf120,23.1,0
BACE1,23.1,0
SPTLC1,23,0
PIGH,23,0
BLTP3B,23,0
HEMK1,23,0
EIF2B4,23,0
WDR77,23,0
SNRNP27,23,0
TMEM19,23,0
MRRF,23,0
RNF166,23,0
SGPL1,23,0
TMEM135,23,0
CMC1,23,0
CALHM6,23,0
GM2A,23,0
GPN1,23,0
SS18L2,22.9,0
MAN2B2,22.9,0
EIF2B3,22.9,0
AKAP7,22.9,0
TUBG1,22.9,0
MATN2,22.9,0
FBXO11,22.9,0
COMMD10,22.9,0
TUT1,22.9,0
MMAA,22.9,0
AUTS2,22.9,0
ZC3H12A,22.9,0
C9orf64,22.9,0
RAB4B,22.9,0
RPH3AL,22.9,0
SFT2D1,22.9,0
SYS1,22.9,0
IGSF23,22.9,0
PEX3,22.8,0
ADSS2,22.8,0
HSF4,22.8,0
KDM5C,22.8,0
PCID2,22.8,0
RERE,22.8,0
LSM14B,22.8,0
GRAMD2B,22.8,0
SLU7,22.8,0
AQP7,22.8,0
HCFC1,22.8,0
TRAPPC6B,22.8,0
NFKBIL1,22.8,0
AARSD1,22.8,0
EEF1AKMT4,22.8,0
ALDH18A1,22.7,0
FGFR2,22.7,0
MOGS,22.7,0
LRRC42,22.7,0
TAF12,22.7,0
STEAP4,22.7,0
TMEM183A,22.7,0
CYBB,22.7,0
MTMR10,22.7,0
ACBD3,22.7,0
ARL2,22.7,0
VPS52,22.7,0
TWF2,22.7,0
COA8,22.7,0
STRADA,22.7,0
SPATA20,22.6,0
BAZ1B,22.6,0
VCL,22.6,0
CHAC1,22.6,0
MED9,22.6,0
CCZ1B,22.6,0
XPC,22.6,0
VOPP1,22.6,0
CCDC117,22.6,0
RAMAC,22.6,0
IGLV2-8,22.6,0
ACACA,22.6,0
ARMCX3,22.5,0
NDUFC1,22.5,0
LIN7C,22.5,0
DTYMK,22.5,0
LYSMD3,22.5,0
CDH5,22.5,0
IFIT1,22.5,0
SHPK,22.5,0
TSN,22.5,0
CBY1,22.4,0
CIAO3,22.4,0
NUFIP2,22.4,0
NUP88,22.4,0
UFSP2,22.4,0
CSF3R,22.4,0
RAMP3,22.4,0
SMO,22.4,0
CLN6,22.4,0
ARHGAP17,22.4,0
C11orf52,22.4,0
METAP1,22.4,0
INTS1,22.4,0
RNF26,22.4,0
ANKLE2,22.4,0
NPEPL1,22.4,0
UPP2,22.3,0
STRN4,22.3,0
ANGPTL1,22.3,0
CAAP1,22.3,0
ZNF639,22.3,0
CC2D1A,22.3,0
MED10,22.3,0
REXO4,22.3,0
TMEM25,22.3,0
TMEM41B,22.3,0
PAFAH1B2,22.3,0
SPG7,22.3,0
MAN2B1,22.2,0
SH3PXD2A,22.2,0
TNFAIP3,22.2,0
ASH2L,22.2,0
MEN1,22.2,0
NCOA2,22.2,0
MPPE1,22.2,0
RAC3,22.2,0
GFPT1,22.2,0
NGFR,22.1,0
LRRC40,22.1,0
MTG2,22.1,0
MPV17,22.1,0
NABP2,22.1,0
PRR14,22.1,0
CFAP298,22.1,0
ZBTB38,22.1,0
MRPS23,22.1,0
SPTAN1,22.1,0
INF2,22.1,0
MYL5,22.1,0
NUP50,22,0
TAFAZZIN,22,0
TRADD,22,0
BFAR,22,0
LANCL1,22,0
ADPRS,22,0
FBXL12,22,0
AAR2,22,0
FBXO21,22,0
SIRT3,22,0
MTERF3,22,0
TAB3,22,0
CNST,22,0
ZNF692,22,0
LRRC8D,22,0
SULT1B1,22,0
UBA7,22,0
FAAP100,22,0
BTN3A2,22,0
MPPED1,22,0
QRICH1,22,0
CNGA1,22,0
INMT,22,0
MNAT1,21.9,0
GRAMD1A,21.9,0
TINF2,21.9,0
RBFOX2,21.9,0
KPNA3,21.9,0
FHL2,21.9,0
HERPUD2,21.9,0
NUP153,21.9,0
COMMD5,21.9,0
TNRC18,21.9,0
BBIP1,21.9,0
HMBS,21.9,0
COX15,21.8,0
JOSD1,21.8,0
ALG13,21.8,0
SHOC2,21.8,0
CHMP3,21.8,0
WLS,21.8,0
SLC35B3,21.8,0
SYMPK,21.8,0
MTRES1,21.8,0
THUMPD3,21.8,0
PLBD2,21.8,0
ZDHHC3,21.8,0
USP47,21.8,0
GIMAP5,21.8,0
TRPV1,21.8,0
UBE3C,21.7,0
MCAT,21.7,0
GSKIP,21.7,0
ARMC1,21.7,0
BRAT1,21.7,0
KLHDC10,21.7,0
NARS2,21.7,0
SELENOI,21.7,0
LPAR6,21.7,0
SURF2,21.7,0
MPZL2,21.7,0
ZER1,21.7,0
TAF6L,21.7,0
TMEM223,21.7,0
ZEB2,21.7,0
CAVIN1,21.7,0
DCAF12,21.7,0
SMN2,21.7,0
CUX1,21.7,0
TFE3,21.6,0
WBP11,21.6,0
USP5,21.6,0
RPF1,21.6,0
XPNPEP2,21.6,0
TRIM24,21.6,0
MXD4,21.6,0
EMG1,21.6,0
TACC1,21.6,0
ITGB2,21.6,0
BMERB1,21.6,0
TBL1XR1,21.6,0
MRTO4,21.5,0
ALKBH5,21.5,0
TRIM14,21.5,0
EHD1,21.5,0
BCL2L2,21.5,0
FOXA1,21.5,0
ACAP3,21.5,0
SDF2,21.5,0
IREB2,21.5,0
ZCCHC14,21.5,0
TINAGL1,21.5,0
SOX13,21.5,0
WDR43,21.5,0
HCCS,21.4,0
EPS15,21.4,0
CCND3,21.4,0
PPIL4,21.4,0
B4GALT3,21.4,0
PPP1R16A,21.4,0
SYT12,21.4,0
NIF3L1,21.4,0
VKORC1L1,21.4,0
MPZL1,21.4,0
HMGN5,21.4,0
PRRC2A,21.4,0
ARPIN-AP3S2,21.4,0
TAF11,21.3,0
TIMM21,21.3,0
MARK3,21.3,0
POMGNT1,21.3,0
CHORDC1,21.3,0
KDSR,21.3,0
NAT10,21.3,0
TRIM4,21.3,0
NKIRAS2,21.3,0
SLC23A1,21.3,0
COA5,21.3,0
AGAP6,21.3,0
PISD,21.3,0
UPK3BL2,21.3,0
TBC1D23,21.2,0
PSEN1,21.2,0
TFAM,21.2,0
INTS12,21.2,0
FZD5,21.2,0
KIFC2,21.2,0
MRPS11,21.2,0
NPIPA5,21.2,0
FAM83G,21.2,0
WAPL,21.1,0
PPP4R3A,21.1,0
RAPGEF1,21.1,0
ACAD10,21.1,0
TENT4A,21.1,0
RRP8,21.1,0
EEFSEC,21.1,0
PRRG4,21.1,0
SIK2,21.1,0
MRPL11,21.1,0
PAAF1,21.1,0
TMEM11,21.1,0
DDX41,21.1,0
GTF2H4,21.1,0
H2AC18,21.1,0
CDC27,21,0
TOP2B,21,0
SUPT16H,21,0
CLCN7,21,0
BCAT2,21,0
GYPC,21,0
NGLY1,21,0
LAD1,21,0
METTL17,21,0
ISCA2,21,0
SPRYD3,21,0
TMEM80,21,0
DCTPP1,21,0
CARD16,21,0
TMEM250,21,0
SHANK3,21,0
AATF,21,0
UTP18,20.9,0
SEH1L,20.9,0
HIRA,20.9,0
STAG2,20.9,0
NUP85,20.9,0
MBOAT7,20.9,0
ZNF317,20.9,0
PHF11,20.9,0
CASP1,20.9,0
RTCA,20.9,0
INTS14,20.9,0
PPIP5K2,20.9,0
ARL5A,20.9,0
SKA2,20.9,0
EXOC3L4,20.9,0
RNF208,20.9,0
TREX1,20.9,0
HEPN1,20.9,0
PECAM1,20.9,0
IBTK,20.8,0
AIFM2,20.8,0
GATB,20.8,0
REXO1,20.8,0
HSCB,20.8,0
TRMT1,20.8,0
PLEKHM2,20.8,0
THOC6,20.8,0
SDC3,20.8,0
RYK,20.8,0
PRPF18,20.8,0
LEO1,20.8,0
NAB2,20.8,0
AKAP13,20.8,0
MRPL48,20.8,0
C11orf71,20.8,0
MRPS17,20.8,0
C1orf226,20.8,0
TNPO3,20.7,0
GTF3C1,20.7,0
TRIOBP,20.7,0
MYOM1,20.7,0
MED13,20.7,0
ZNF384,20.7,0
CMTR1,20.7,0
MYO7A,20.7,0
MYG1,20.7,0
CBLC,20.7,0
INTS15,20.7,0
PARD3,20.7,0
SAP30BP,20.7,0
MRM3,20.7,0
ZNF622,20.7,0
ZG16,20.7,0
RNF152,20.7,0
TIGD2,20.7,0
COL4A1,20.7,0
ZNF700,20.7,0
RFC2,20.6,0
HPF1,20.6,0
GPR137B,20.6,0
PTPRC,20.6,0
PLPPR2,20.6,0
MRPS30,20.6,0
ATF6,20.6,0
ZNF414,20.6,0
CNOT9,20.6,0
GNAQ,20.6,0
ATG4B,20.6,0
SNUPN,20.6,0
EXOC3,20.6,0
GRIPAP1,20.5,0
BAZ2A,20.5,0
C1GALT1,20.5,0
AEBP1,20.5,0
FANCL,20.5,0
MAD2L1BP,20.5,0
IL15RA,20.5,0
CCDC82,20.5,0
OXSM,20.5,0
PWWP3A,20.5,0
STAT2,20.5,0
MANEA,20.5,0
R3HDM2,20.5,0
MYL6B,20.5,0
ZNF512B,20.5,0
ZBTB48,20.5,0
NBPF14,20.5,0
MAP2K4,20.4,0
PPP3CB,20.4,0
OGFOD2,20.4,0
GTF3C2,20.4,0
IFIT2,20.4,0
RAPGEF5,20.4,0
PAM,20.4,0
ZCCHC10,20.4,0
B3GNT2,20.4,0
PUS1,20.4,0
ARIH2,20.4,0
ZBTB18,20.4,0
ABCB8,20.4,0
DNAJC11,20.3,0
ABHD5,20.3,0
SLC4A4,20.3,0
POLR3H,20.3,0
MAPK3,20.3,0
YKT6,20.3,0
LAMTOR3,20.3,0
FKBP9,20.3,0
EIF2AK4,20.3,0
RPRD1A,20.3,0
CIZ1,20.3,0
ODR4,20.3,0
TOMM40L,20.3,0
CDC42SE2,20.3,0
EPB41,20.3,0
TTC14,20.3,0
CNNM3,20.3,0
IRF2BP1,20.3,0
HRAS,20.3,0
DDX3Y,20.2,0
CYBRD1,20.2,0
VWA8,20.2,0
PLGRKT,20.2,0
CBX1,20.2,0
SMG7,20.2,0
RNF138,20.2,0
PREPL,20.2,0
TARBP2,20.2,0
ENOPH1,20.2,0
GGPS1,20.2,0
SLC13A3,20.2,0
ZNF281,20.2,0
FMC1,20.2,0
WASHC1,20.2,0
YIPF6,20.2,0
IRS2,20.2,0
DDI2,20.2,0
HNRNPUL2,20.2,0
WIZ,20.1,0
RB1CC1,20.1,0
ERO1B,20.1,0
MOB4,20.1,0
ZBTB1,20.1,0
KDM4B,20.1,0
PLAA,20.1,0
PPIL1,20.1,0
USF1,20.1,0
KLHL21,20.1,0
SPRY1,20.1,0
KBTBD2,20.1,0
CYP7B1,20.1,0
RUFY1,20.1,0
ZNRF2,20.1,0
STRN3,20.1,0
TNFSF12,20.1,0
RALA,20,0
TSPAN17,20,0
TRIB2,20,0
PCBP4,20,0
ADA2,20,0
SLC2A9,20,0
ELP3,20,0
ASCC1,20,0
PRPSAP2,20,0
CBX4,20,0
ANKH,20,0
TMEM41A,20,0
THNSL1,20,0
POM121,20,0
PTPN1,20,0
CISD3,20,0
RBM22,19.9,0
HPS1,19.9,0
DHDDS,19.9,0
ZC3H7A,19.9,0
SEPTIN6,19.9,0
FPR3,19.9,0
MPHOSPH8,19.9,0
SKIC3,19.9,0
SMIM11,19.9,0
ZNF688,19.9,0
YJU2,19.8,0
TNKS2,19.8,0
TTC31,19.8,0
RBM25,19.8,0
LLPH,19.8,0
RBM26,19.8,0
RPUSD4,19.8,0
TUBA1A,19.8,0
JMJD1C,19.8,0
VEGFB,19.8,0
OGFOD3,19.8,0
PIK3R4,19.8,0
COG8,19.8,0
AP5M1,19.7,0
AFF4,19.7,0
RANGRF,19.7,0
CUX2,19.7,0
TUBGCP2,19.7,0
RAP1GDS1,19.7,0
SENP3,19.7,0
RNASE6,19.7,0
C1GALT1C1,19.7,0
POFUT2,19.7,0
PPTC7,19.7,0
MAN1A2,19.7,0
ENSG00000275063,19.7,0
CYLD,19.6,0
TTLL12,19.6,0
NFKBIB,19.6,0
SPIN1,19.6,0
CHIC2,19.6,0
CARS1,19.6,0
FAF2,19.6,0
NEK9,19.6,0
TIMM10B,19.6,0
IFI44,19.6,0
SLC35A5,19.6,0
RAB15,19.6,0
UBR3,19.6,0
TIAL1,19.6,0
REEP3,19.6,0
TEPSIN,19.6,0
LAGE3,19.6,0
ATXN2,19.6,0
FHIP1B,19.5,0
CEP170B,19.5,0
CACTIN,19.5,0
CASC3,19.5,0
MESD,19.5,0
PRKACB,19.5,0
MOV10,19.5,0
GALK2,19.5,0
AVPR1A,19.5,0
SERTAD3,19.5,0
MT1B,19.5,0
TMEM43,19.5,0
FPR1,19.5,0
IPO4,19.5,0
OPA1,19.5,0
FBXW11,19.4,0
MKNK1,19.4,0
RNF40,19.4,0
TMEM131L,19.4,0
ATF1,19.4,0
VSNL1,19.4,0
DCAF13,19.4,0
METRNL,19.4,0
TMEM64,19.4,0
BORCS8,19.4,0
MRI1,19.3,0
LIMA1,19.3,0
PCIF1,19.3,0
FXR2,19.3,0
ANKRD17,19.3,0
CARS2,19.3,0
CCDC3,19.3,0
RANBP2,19.3,0
COX6A2,19.3,0
PEX10,19.3,0
PCYT1A,19.3,0
PYGO2,19.3,0
ANAPC2,19.3,0
SPRYD4,19.3,0
ACAD9,19.3,0
IGLV3-10,19.3,0
MTREX,19.2,0
PSMD5,19.2,0
BTN3A3,19.2,0
DDX54,19.2,0
EEF1E1,19.2,0
TICAM1,19.2,0
MAP3K2,19.2,0
XPOT,19.2,0
NUGGC,19.2,0
WDR46,19.2,0
ATXN7L3B,19.2,0
PKN2,19.1,0
OXT,19.1,0
RAPGEF2,19.1,0
KRR1,19.1,0
EDEM3,19.1,0
AP1AR,19.1,0
KIF21A,19.1,0
JDP2,19.1,0
CARM1,19.1,0
MX1,19.1,0
TMEM184C,19.1,0
DLC1,19.1,0
SIX5,19.1,0
GIMAP7,19.1,0
IGHV4-59,19.1,0
MCTS1,19.1,0
AQP1,19.1,0
MLLT6,19.1,0
TOMM34,19,0
SFSWAP,19,0
SMARCD1,19,0
ELF2,19,0
KMT5B,19,0
SMAD5,19,0
KLHL24,19,0
DR1,19,0
MTERF4,19,0
MORC4,19,0
HMGA1,19,0
INO80C,19,0
CPSF4,19,0
PLEKHF1,19,0
MUS81,19,0
SGF29,19,0
MRPL42,19,0
MAGIX,19,0
CCAR1,18.9,0
USP4,18.9,0
FBXO6,18.9,0
WDR11,18.9,0
ADGRE5,18.9,0
NSRP1,18.9,0
DKC1,18.9,0
ERCC5,18.9,0
HLX,18.9,0
AEBP2,18.9,0
SGSM2,18.9,0
OTUD4,18.9,0
MOAP1,18.9,0
DHRS13,18.9,0
ATG16L2,18.9,0
SMIM4,18.9,0
PRKRA,18.9,0
CEP63,18.9,0
TANGO2,18.9,0
C2orf72,18.9,0
IGHV3-7,18.9,0
SYNJ2BP,18.9,0
TBC1D2,18.8,0
ANXA13,18.8,0
ACTR3C,18.8,0
TSPAN14,18.8,0
CPSF6,18.8,0
DYM,18.8,0
EIF2B5,18.8,0
THRB,18.8,0
E4F1,18.8,0
FEM1B,18.8,0
ZNF680,18.8,0
SART1,18.8,0
F8,18.8,0
MARCHF5,18.8,0
ENSG00000260914,18.8,0
CCL20,18.7,0
PLA2G12A,18.7,0
RPP38,18.7,0
USP25,18.7,0
DNAJB4,18.7,0
IGFBP6,18.7,0
EXOSC10,18.7,0
DHX36,18.7,0
NUDT14,18.7,0
CENATAC,18.7,0
RALBP1,18.6,0
ASAP3,18.6,0
ZNF302,18.6,0
DNTTIP1,18.6,0
ARRDC2,18.6,0
CPSF3,18.6,0
SPART,18.6,0
GOLM1,18.6,0
RTF1,18.6,0
GPN2,18.6,0
PPRC1,18.6,0
ZNF3,18.6,0
ATPAF2,18.6,0
SPTLC3,18.6,0
GALNT11,18.6,0
HMGN4,18.6,0
PLAUR,18.5,0
NFATC3,18.5,0
CLCN3,18.5,0
RAB35,18.5,0
ABTB1,18.5,0
CD48,18.5,0
RCN2,18.5,0
ZNF644,18.5,0
RNF113A,18.5,0
VAMP1,18.5,0
DYRK1A,18.5,0
RSPRY1,18.5,0
NINJ2,18.5,0
B4GAT1,18.5,0
C3orf85,18.5,0
PALS1,18.4,0
AKNA,18.4,0
RNF170,18.4,0
AOC3,18.4,0
TMEM128,18.4,0
ALOX5AP,18.4,0
UTP4,18.4,0
ARL14EP,18.4,0
ARHGAP35,18.4,0
CPSF2,18.4,0
TEF,18.4,0
CCDC14,18.4,0
THAP5,18.4,0
KRT10,18.4,0
C8orf76,18.4,0
ANGEL1,18.3,0
ELMO2,18.3,0
ACTR6,18.3,0
SARS2,18.3,0
OAS2,18.3,0
MEF2D,18.3,0
IPO13,18.3,0
TAPBPL,18.3,0
OSMR,18.3,0
TMEM138,18.3,0
LIMS1,18.3,0
YPEL2,18.3,0
MAGEH1,18.3,0
LTB4R,18.3,0
CHPF2,18.2,0
TFIP11,18.2,0
TMEM87A,18.2,0
MSH6,18.2,0
EXOSC8,18.2,0
IER3IP1,18.2,0
ENSG00000144785,18.2,0
APIP,18.2,0
PHKG2,18.2,0
XKR8,18.2,0
CUL4B,18.2,0
TMEM69,18.2,0
MTMR14,18.2,0
GYG1,18.2,0
DPY19L1,18.2,0
ACSF3,18.2,0
GATD1,18.2,0
MAPKAPK5,18.1,0
NBN,18.1,0
MAPKAPK3,18.1,0
RAB29,18.1,0
MTRR,18.1,0
STYXL1,18.1,0
NOTCH2,18.1,0
APLNR,18.1,0
TMEM165,18.1,0
KCNMA1,18.1,0
ZFYVE19,18.1,0
COX11,18.1,0
RIPK4,18.1,0
UBQLN2,18.1,0
AGPS,18,0
SYNE2,18,0
SNRNP40,18,0
ATP2B1,18,0
COBL,18,0
XPNPEP1,18,0
ACCS,18,0
PTPN6,18,0
NSL1,18,0
RAC2,18,0
XPO7,18,0
SEC14L4,18,0
WDTC1,18,0
MRPS5,18,0
POLR2D,18,0
WWC2,18,0
GABPA,18,0
PCDH1,18,0
SPPL3,18,0
OXLD1,18,0
ZNF580,18,0
ATP6V1H,17.9,0
DHX8,17.9,0
MLH1,17.9,0
OSBPL8,17.9,0
SOD3,17.9,0
OGG1,17.9,0
IRF2BPL,17.9,0
MRPS14,17.9,0
CAPN7,17.9,0
CEP20,17.9,0
NUP54,17.9,0
RMC1,17.9,0
EPHA2,17.9,0
ZNF385B,17.9,0
NR4A2,17.9,0
MYO5B,17.9,0
LRRC45,17.9,0
BPTF,17.9,0
GAS2L1,17.9,0
SOWAHB,17.9,0
PRR5,17.9,0
MICAL3,17.9,0
ALG11,17.9,0
PIGQ,17.8,0
MAST2,17.8,0
TBC1D10A,17.8,0
KHNYN,17.8,0
TJP1,17.8,0
TNPO2,17.8,0
FTSJ3,17.8,0
THEMIS2,17.8,0
TSPAN31,17.8,0
FAM149B1,17.8,0
CXCL9,17.8,0
PTGR2,17.8,0
EAF1,17.8,0
FHIP2A,17.8,0
ING1,17.8,0
IP6K3,17.8,0
ZNF691,17.8,0
ADCY1,17.8,0
TNXB,17.8,0
ZBTB33,17.8,0
MOB2,17.8,0
ATL3,17.8,0
DGAT1,17.8,0
RTL8A,17.8,0
RDH14,17.8,0
BTN3A1,17.7,0
USP2,17.7,0
NOP14,17.7,0
DHRS12,17.7,0
RREB1,17.7,0
ERMARD,17.7,0
NOL11,17.7,0
TMEM204,17.7,0
ABCB10,17.7,0
PIP5K1A,17.7,0
PSD3,17.7,0
CYGB,17.7,0
GHDC,17.7,0
TCEAL1,17.7,0
MUC20,17.7,0
D2HGDH,17.7,0
TCP10L,17.7,0
MPV17L2,17.7,0
SHB,17.6,0
LZTS2,17.6,0
ECD,17.6,0
ZNF576,17.6,0
TRIM5,17.6,0
XPA,17.6,0
IQGAP1,17.6,0
CHCHD4,17.6,0
FRAT2,17.6,0
ZNF875,17.6,0
DIPK2A,17.6,0
YBEY,17.6,0
TMLHE,17.6,0
H4C11,17.6,0
WWP2,17.6,0
PLPP6,17.6,0
IGHV1-2,17.6,0
PEDS1,17.6,0
MBTPS2,17.5,0
METTL1,17.5,0
WIPI1,17.5,0
SMC1A,17.5,0
UIMC1,17.5,0
SLC15A1,17.5,0
CDC5L,17.5,0
CTCF,17.5,0
NPRL3,17.5,0
MED25,17.5,0
GTPBP10,17.5,0
GOLT1B,17.5,0
LMAN2L,17.5,0
VHL,17.5,0
BIVM,17.5,0
SECISBP2L,17.5,0
DYNC1LI1,17.5,0
CFAP97,17.5,0
IFTAP,17.5,0
CTC1,17.5,0
ZDHHC18,17.5,0
UBXN2B,17.5,0
PLA2G4B,17.5,0
NBPF19,17.5,0
BLTP2,17.4,0
AGA,17.4,0
LTBP1,17.4,0
RIOK2,17.4,0
JMJD6,17.4,0
IFT27,17.4,0
HDAC10,17.4,0
GMNN,17.4,0
ZBTB17,17.4,0
EPS15L1,17.4,0
SAE1,17.4,0
SLC26A1,17.4,0
HERC4,17.4,0
IMMP1L,17.4,0
PIP4K2A,17.4,0
FUBP1,17.4,0
KCTD5,17.4,0
OXSR1,17.4,0
MCMBP,17.4,0
GH1,17.4,0
GDF2,17.4,0
GYG2,17.3,0
HLTF,17.3,0
SNTA1,17.3,0
PLA2G15,17.3,0
HDDC2,17.3,0
RRAGC,17.3,0
TOR1B,17.3,0
THAP12,17.3,0
ZYG11B,17.3,0
WASHC5,17.3,0
FAM111A,17.3,0
USP39,17.3,0
DNAJC22,17.3,0
TDRP,17.3,0
ZBTB10,17.3,0
DPP3,17.3,0
TUBG2,17.2,0
GCN1,17.2,0
ARFGAP1,17.2,0
MOGAT3,17.2,0
BRIX1,17.2,0
PDCL3,17.2,0
DDX59,17.2,0
MTRFR,17.2,0
ACTR10,17.2,0
TPP2,17.2,0
TAOK3,17.2,0
MAP7,17.2,0
BZW2,17.2,0
ZNF189,17.2,0
GIPC2,17.2,0
DUSP11,17.2,0
ATG12,17.2,0
FNDC5,17.2,0
OSGIN2,17.2,0
RRM1,17.2,0
LSM3,17.2,0
TNFRSF10D,17.2,0
FAM156B,17.2,0
FAM120AOS,17.2,0
IGHV3-48,17.2,0
RBM12,17.2,0
CTNS,17.1,0
CYFIP2,17.1,0
ATP11B,17.1,0
GNB5,17.1,0
STX7,17.1,0
ABL1,17.1,0
COQ8B,17.1,0
PANK2,17.1,0
STX17,17.1,0
HIKESHI,17.1,0
PAFAH2,17.1,0
TMEM143,17.1,0
VPS72,17.1,0
PCOLCE2,17.1,0
UBLCP1,17.1,0
SVBP,17.1,0
CIBAR1,17.1,0
CCNT2,17,0
ITPKC,17,0
L3MBTL2,17,0
MED31,17,0
DPF2,17,0
VARS2,17,0
GPAT3,17,0
ETNK1,17,0
PELP1,17,0
TAOK2,17,0
TRAPPC8,17,0
SH3BP5L,17,0
SUZ12,17,0
APOO,17,0
C22orf39,17,0
FMC1-LUC7L2,17,0
EIPR1,16.9,0
EXOSC7,16.9,0
GTPBP1,16.9,0
ATG4A,16.9,0
AAGAB,16.9,0
ZMIZ2,16.9,0
PAIP2B,16.9,0
MFAP1,16.9,0
SPAG16,16.9,0
FBXO38,16.9,0
IPMK,16.9,0
PBX3,16.9,0
ZNF226,16.9,0
GOLGB1,16.9,0
H2BC21,16.9,0
FNBP1,16.9,0
DCTN1,16.9,0
ZNF263,16.8,0
YAF2,16.8,0
RBM7,16.8,0
WDFY1,16.8,0
CYP26A1,16.8,0
COA1,16.8,0
ATAD1,16.8,0
FGD4,16.8,0
SMG1,16.8,0
ATMIN,16.8,0
MTM1,16.8,0
ZNRF1,16.8,0
ATP6V0A1,16.7,0
ADAT1,16.7,0
SLK,16.7,0
SCAMP1,16.7,0
CCNK,16.7,0
CBX7,16.7,0
GCK,16.7,0
NFKB1,16.7,0
PPP2R5D,16.7,0
TBC1D7,16.7,0
KRBOX4,16.7,0
GFRA1,16.7,0
TMEM251,16.7,0
SUPV3L1,16.7,0
HIPK1,16.7,0
SLC25A32,16.7,0
C5AR1,16.7,0
CRYZL1,16.7,0
IGKV1-9,16.7,0
SLC8B1,16.6,0
PICK1,16.6,0
MREG,16.6,0
DDX27,16.6,0
MRS2,16.6,0
SLC44A2,16.6,0
EXOC4,16.6,0
TRIM21,16.6,0
KLB,16.6,0
APPL2,16.6,0
CCDC115,16.6,0
RIPK1,16.6,0
TPGS1,16.6,0
ANKRD40,16.6,0
NSMCE2,16.6,0
RGS12,16.6,0
ALKBH3,16.6,0
RBPJ,16.6,0
POLR1C,16.6,0
GPC6,16.6,0
MORN2,16.6,0
SLC35F6,16.6,0
ACBD6,16.6,0
IGKV1-12,16.6,0
CWC25,16.6,0
MAPK9,16.5,0
ATG5,16.5,0
TLE2,16.5,0
TRO,16.5,0
DPYSL2,16.5,0
SEMA4G,16.5,0
ANKRD54,16.5,0
SRPX,16.5,0
UBR5,16.5,0
WDR75,16.5,0
PARP2,16.5,0
MTO1,16.5,0
DDX46,16.5,0
TRAPPC14,16.5,0
GPATCH4,16.5,0
CFAP36,16.5,0
APOLD1,16.5,0
C1orf174,16.5,0
CDKN2AIPNL,16.5,0
PPIL3,16.5,0
RHBDD3,16.4,0
SEC23IP,16.4,0
SLC17A5,16.4,0
KIAA1217,16.4,0
SLC22A23,16.4,0
CPEB2,16.4,0
FCHSD2,16.4,0
HDAC8,16.4,0
SAV1,16.4,0
TNFSF13,16.4,0
TTC7B,16.4,0
CDKN2AIP,16.4,0
PPIH,16.4,0
SMIM1,16.4,0
TAB1,16.3,0
ASB9,16.3,0
SYT17,16.3,0
TBC1D13,16.3,0
SH2B3,16.3,0
L3HYPDH,16.3,0
NIBAN2,16.3,0
FBXO28,16.3,0
MINDY3,16.3,0
SAMSN1,16.3,0
SCAF4,16.3,0
SLC66A3,16.3,0
SMC6,16.3,0
RNF25,16.3,0
ORC5,16.3,0
VWCE,16.3,0
THAP11,16.3,0
CLDN5,16.3,0
SLC7A9,16.2,0
GEMIN8,16.2,0
PRKAB1,16.2,0
TFDP2,16.2,0
MRM2,16.2,0
PPARG,16.2,0
INPP5K,16.2,0
MMACHC,16.2,0
KATNBL1,16.2,0
FTO,16.2,0
C18orf21,16.2,0
ADAMTSL4,16.2,0
MIOS,16.2,0
KDM2A,16.2,0
TBK1,16.2,0
FAM110C,16.2,0
RNFT1,16.2,0
TRIM15,16.2,0
STARD3NL,16.1,0
UBR2,16.1,0
TOP3B,16.1,0
DRG2,16.1,0
HDAC5,16.1,0
GTF2H1,16.1,0
RRP9,16.1,0
RAB3GAP1,16.1,0
NIP7,16.1,0
UACA,16.1,0
MITD1,16.1,0
PCSK7,16.1,0
ALDH16A1,16.1,0
SCNM1,16.1,0
CCR1,16.1,0
KCTD6,16.1,0
S100A14,16.1,0
VPS16,16.1,0
DNASE1L1,16,0
GGT7,16,0
RPA1,16,0
PPP1R18,16,0
CARNMT1,16,0
TMX3,16,0
GPR183,16,0
CANT1,16,0
C8orf33,16,0
TCN2,16,0
GJA4,16,0
FYB2,16,0
RPF2,16,0
IGLV1-44,16,0
NBPF11,16,0
UPF1,15.9,0
THUMPD1,15.9,0
PUM3,15.9,0
ZC3HC1,15.9,0
MIEF1,15.9,0
UBFD1,15.9,0
GIMAP2,15.9,0
RECQL5,15.9,0
TP53I3,15.9,0
IL1RL1,15.9,0
IFT46,15.9,0
FBXL8,15.9,0
PPP3CA,15.9,0
NRG1,15.9,0
PSKH1,15.9,0
LETM1,15.9,0
CHRNB1,15.9,0
EIF1AD,15.9,0
KMT5A,15.9,0
SP1,15.9,0
CHUK,15.9,0
ESR1,15.8,0
SLC25A17,15.8,0
RABGGTA,15.8,0
ARMC8,15.8,0
ARID1A,15.8,0
ZCCHC17,15.8,0
MBD2,15.8,0
TCF7L2,15.8,0
OXNAD1,15.8,0
SELENON,15.8,0
BROX,15.8,0
MARCHF8,15.8,0
TRAPPC11,15.8,0
CLCN5,15.8,0
DCAKD,15.8,0
PLEKHF2,15.8,0
GTF2IRD2,15.8,0
TSEN15,15.8,0
HLA-DMA,15.8,0
LYRM4,15.8,0
ZZZ3,15.7,0
CAPN15,15.7,0
PANX1,15.7,0
MIIP,15.7,0
KLHL12,15.7,0
RHOT1,15.7,0
ARHGAP29,15.7,0
GLCE,15.7,0
PKP4,15.7,0
NMT2,15.7,0
SMARCA5,15.7,0
NEIL2,15.7,0
SLA,15.7,0
ANKRD9,15.7,0
BAG4,15.7,0
CWC22,15.7,0
MIS12,15.7,0
CDC40,15.7,0
DENND4A,15.7,0
UTP11,15.7,0
TMEM186,15.7,0
ANKRD39,15.7,0
SART3,15.6,0
DIS3,15.6,0
MFSD11,15.6,0
SETX,15.6,0
USP35,15.6,0
CISD1,15.6,0
BAZ2B,15.6,0
PTPRB,15.6,0
RAMP2,15.6,0
MED6,15.6,0
TLR4,15.6,0
PRPF4,15.6,0
NAA30,15.6,0
TP53,15.6,0
RSU1,15.6,0
MTMR12,15.6,0
UPF2,15.6,0
FAM151A,15.6,0
USF3,15.6,0
ACOT4,15.6,0
RNPC3,15.6,0
LRBA,15.6,0
FOXJ3,15.6,0
LYRM9,15.6,0
NOL12,15.6,0
SAMD4A,15.5,0
CLEC16A,15.5,0
RIPOR1,15.5,0
TMEM161A,15.5,0
PSME4,15.5,0
KIFAP3,15.5,0
PHLPP1,15.5,0
GNPDA1,15.5,0
THADA,15.5,0
FAM20B,15.5,0
TBC1D20,15.5,0
RAB3IP,15.5,0
RNF6,15.5,0
PTCD3,15.5,0
VEZF1,15.5,0
PPA2,15.5,0
NPEPPS,15.5,0
COP1,15.5,0
EPHA1,15.5,0
NSD3,15.5,0
PIGF,15.5,0
RAB33B,15.5,0
SLC38A9,15.5,0
NBPF12,15.5,0
MLLT10,15.4,0
RAE1,15.4,0
REG1A,15.4,0
AP3B1,15.4,0
ROCK2,15.4,0
PAN2,15.4,0
NCBP1,15.4,0
MFGE8,15.4,0
PARN,15.4,0
TXNL4B,15.4,0
SLC39A6,15.4,0
USP6NL,15.4,0
ANK3,15.4,0
SPIDR,15.4,0
AVEN,15.4,0
FAM174A,15.4,0
SETD2,15.4,0
SLX1B,15.4,0
SMDT1,15.4,0
PTRH1,15.4,0
C1orf53,15.4,0
TRAC,15.4,0
GOPC,15.3,0
CDK17,15.3,0
BCL2L13,15.3,0
PIAS4,15.3,0
GAR1,15.3,0
CLEC2B,15.3,0
ACVR1,15.3,0
SLC12A4,15.3,0
CD93,15.3,0
CLPS,15.3,0
HS2ST1,15.3,0
DEPTOR,15.3,0
HEXD,15.3,0
ZNHIT2,15.3,0
GSAP,15.3,0
GATC,15.3,0
FAM114A2,15.2,0
AAAS,15.2,0
COG4,15.2,0
GRWD1,15.2,0
DDX50,15.2,0
WBP4,15.2,0
USP30,15.2,0
RGL1,15.2,0
TIMD4,15.2,0
ZNF33A,15.2,0
IGHV2-5,15.2,0
KLHL20,15.1,0
SEC22C,15.1,0
MAP3K8,15.1,0
XRN1,15.1,0
WDR48,15.1,0
CCDC91,15.1,0
CDK2,15.1,0
KRT7,15.1,0
ITGAV,15.1,0
SLC25A26,15.1,0
LRRC3,15.1,0
NIPAL1,15.1,0
PBRM1,15.1,0
TOPORS,15.1,0
TUSC1,15.1,0
KPNA6,15,0
SPI1,15,0
SPAG5,15,0
PPP2R3C,15,0
PYCR3,15,0
PPP1R37,15,0
TGFB1,15,0
PLEKHA4,15,0
UNC93B1,15,0
EXOSC9,15,0
SMYD5,15,0
PIGC,15,0
ADAM10,15,0
C9orf72,15,0
MED21,15,0
CC2D1B,15,0
FDXR,15,0
HEPACAM,15,0
COG1,15,0
FADD,15,0
MAN1B1,15,0
ZHX2,15,0
MFSD5,15,0
AGAP4,15,0
ENTPD8,15,0
PIGN,15,0
GPANK1,15,0
RPUSD1,14.9,0
AKAP8L,14.9,0
TRAM2,14.9,0
CSNK2A2,14.9,0
MOCOS,14.9,0
ATG16L1,14.9,0
SRPK1,14.9,0
TBL1X,14.9,0
C17orf75,14.9,0
PHF12,14.9,0
PDGFRA,14.9,0
KIF13A,14.9,0
BCL2A1,14.9,0
MINDY1,14.9,0
TBC1D2B,14.9,0
TMEM126B,14.9,0
WASHC2C,14.9,0
RUVBL1,14.9,0
TRDJ1,14.9,0
IGLL5,14.9,0
DUSP14,14.9,0
IDS,14.8,0
VRK2,14.8,0
IFT88,14.8,0
DHX32,14.8,0
RNF31,14.8,0
TRPM4,14.8,0
MPHOSPH6,14.8,0
ZNF7,14.8,0
CAMK2G,14.8,0
JAZF1,14.8,0
DPY19L4,14.8,0
PDZD8,14.8,0
TADA2B,14.8,0
AP1S2,14.8,0
RWDD4,14.8,0
PSMG1,14.8,0
CCDC137,14.8,0
PLSCR3,14.8,0
KCTD21,14.8,0
SDAD1,14.8,0
INPP5B,14.8,0
GIGYF2,14.8,0
AP1G2,14.8,0
FAM133B,14.8,0
ZBED5,14.8,0
PIP4K2B,14.8,0
KDM1A,14.7,0
RECQL,14.7,0
TNFRSF1B,14.7,0
MAVS,14.7,0
TOX4,14.7,0
WASHC2A,14.7,0
PRODH,14.7,0
TAF1C,14.7,0
FBXO31,14.7,0
TMEM104,14.7,0
WIPF1,14.7,0
RCOR3,14.7,0
PTK2B,14.7,0
NCOA5,14.7,0
MED18,14.7,0
ORC3,14.7,0
NPC1,14.7,0
ADAM15,14.7,0
CDC42BPA,14.7,0
FEM1C,14.7,0
TMEM181,14.7,0
BIN3,14.7,0
PPP2R5E,14.7,0
RNF20,14.7,0
GATAD1,14.7,0
LRWD1,14.7,0
SLC4A1AP,14.7,0
UBTD2,14.7,0
STX18,14.7,0
CTNNBIP1,14.7,0
METTL9,14.7,0
SLC48A1,14.7,0
GPSM3,14.7,0
NUMBL,14.6,0
DNAJC2,14.6,0
MAPK8,14.6,0
WSB1,14.6,0
FBXL4,14.6,0
UXS1,14.6,0
TBC1D5,14.6,0
SKIL,14.6,0
APTX,14.6,0
HIRIP3,14.6,0
CDK5,14.6,0
AKIP1,14.6,0
ELMOD2,14.6,0
TRAK1,14.6,0
SP140L,14.6,0
EHD2,14.5,0
GYS1,14.5,0
PPWD1,14.5,0
ARHGEF26,14.5,0
PTBP3,14.5,0
RHOQ,14.5,0
PARP6,14.5,0
CPNE8,14.5,0
TMEM50B,14.5,0
LTO1,14.5,0
DLAT,14.5,0
NTAN1,14.5,0
TLCD1,14.5,0
PCF11,14.5,0
CKB,14.5,0
ENDOV,14.5,0
EP400,14.5,0
KLHL25,14.5,0
C19orf54,14.5,0
IARS1,14.5,0
UMAD1,14.5,0
DERPC,14.5,0
RPAP3,14.4,0
TPR,14.4,0
MKRN2,14.4,0
DIMT1,14.4,0
EP300,14.4,0
SPG11,14.4,0
ATE1,14.4,0
MS4A4A,14.4,0
DDX55,14.4,0
AMOTL2,14.4,0
C2orf42,14.4,0
TRAF2,14.4,0
CASP9,14.4,0
CAPN10,14.4,0
PI4K2A,14.4,0
ARFIP1,14.4,0
FAM104B,14.4,0
CIPC,14.4,0
SCAF8,14.4,0
SIPA1,14.4,0
C6orf226,14.4,0
POLR2M,14.4,0
HFE,14.3,0
GNAI3,14.3,0
GPKOW,14.3,0
ANKRD13A,14.3,0
ZSCAN18,14.3,0
MAU2,14.3,0
C1QTNF6,14.3,0
COPS7B,14.3,0
RNF145,14.3,0
DPH3,14.3,0
PPP4R1,14.3,0
PDE6D,14.3,0
RAB8B,14.3,0
GTF2IRD2B,14.3,0
SMTN,14.3,0
IER5L,14.3,0
BRD2,14.3,0
LST1,14.3,0
LBH,14.3,0
LY6G5B,14.3,0
NAA80,14.3,0
CCDC71L,14.3,0
DHRS11,14.3,0
ZNF839,14.2,0
DSG2,14.2,0
CDK13,14.2,0
ARFGEF1,14.2,0
ACOX3,14.2,0
PDRG1,14.2,0
TELO2,14.2,0
SLC38A7,14.2,0
RPS6KB1,14.2,0
DPH5,14.2,0
KDM6B,14.2,0
RANBP6,14.2,0
DENND4C,14.2,0
SLC15A4,14.2,0
VGLL4,14.2,0
WASF2,14.2,0
MED30,14.2,0
PLEKHA7,14.2,0
PUSL1,14.2,0
PHLDB3,14.2,0
SNX18,14.2,0
SATB1,14.2,0
AP2A2,14.2,0
PTRHD1,14.2,0
SIRT7,14.2,0
UVRAG,14.2,0
CHAMP1,14.2,0
HTD2,14.2,0
MAP4K3,14.1,0
UBR7,14.1,0
NUP160,14.1,0
INTS13,14.1,0
ME2,14.1,0
GLG1,14.1,0
SLC15A3,14.1,0
GCA,14.1,0
C1orf198,14.1,0
ABCB7,14.1,0
COQ3,14.1,0
RBM38,14.1,0
KIDINS220,14.1,0
TAF5L,14.1,0
FCGR2A,14.1,0
RHBDD1,14.1,0
GZMA,14.1,0
RPP30,14.1,0
RABGEF1,14.1,0
TSR2,14.1,0
ADPGK,14.1,0
KIAA0232,14.1,0
C16orf91,14.1,0
MED14,14.1,0
RNF41,14.1,0
DENND5A,14.1,0
MYO6,14.1,0
IGHV5-51,14.1,0
KDM4A,14,0
TCF3,14,0
DNAJC10,14,0
MCOLN1,14,0
TMEM38B,14,0
NCALD,14,0
ASPA,14,0
PCGF1,14,0
PKD2,14,0
SMNDC1,14,0
TMEM54,14,0
BCL2L12,14,0
PPFIA1,14,0
DCAF7,14,0
BLTP1,14,0
GLTP,14,0
PRUNE1,14,0
KRTCAP3,14,0
PRMT2,14,0
PUS10,14,0
AXL,14,0
TSR1,14,0
THBS3,14,0
TMEM52,14,0
GGTA1,14,0
NCKIPSD,14,0
MED15,13.9,0
TRIP4,13.9,0
DHX40,13.9,0
CD83,13.9,0
PRKAR2A,13.9,0
GBP3,13.9,0
BLZF1,13.9,0
AP5S1,13.9,0
YEATS4,13.9,0
NXT1,13.9,0
RNASEH2B,13.9,0
TP53BP2,13.9,0
METTL14,13.9,0
RNF44,13.9,0
DOCK5,13.9,0
ZNF276,13.9,0
SPINT2,13.9,0
RBM4B,13.9,0
IP6K1,13.9,0
HNRNPA0,13.9,0
CMSS1,13.9,0
RBM34,13.9,0
ZNF655,13.9,0
HAUS7,13.9,0
IGKV1-16,13.9,0
ARHGEF5,13.8,0
JMJD4,13.8,0
LAMB1,13.8,0
TRMU,13.8,0
RBM28,13.8,0
B9D1,13.8,0
DHX58,13.8,0
TRAPPC13,13.8,0
TUBGCP3,13.8,0
ADORA2A,13.8,0
ANGPTL2,13.8,0
RAB40B,13.8,0
ITGA9,13.8,0
FAM171A1,13.8,0
NOPCHAP1,13.8,0
ERCC3,13.8,0
WDR41,13.8,0
NUDCD2,13.8,0
ATF7,13.8,0
ZNF417,13.8,0
RRS1,13.8,0
ALG12,13.8,0
NOP9,13.8,0
TLK1,13.8,0
SMC5,13.8,0
TRIM13,13.8,0
SNX2,13.8,0
TMEM238,13.8,0
FBXO42,13.7,0
ZNF800,13.7,0
INPP5A,13.7,0
DNAJC17,13.7,0
DOT1L,13.7,0
TGFBR1,13.7,0
CDH23,13.7,0
ICAM2,13.7,0
CLK4,13.7,0
HMGXB3,13.7,0
ABITRAM,13.7,0
CYREN,13.7,0
MKLN1,13.7,0
TERF2,13.7,0
STAB2,13.7,0
IL18BP,13.7,0
C1orf35,13.7,0
TOR2A,13.7,0
ANKZF1,13.7,0
APBB2,13.7,0
NPY1R,13.7,0
CD300A,13.7,0
SPTBN2,13.7,0
MSL2,13.7,0
ARL17A,13.7,0
H2AX,13.7,0
MDM4,13.7,0
TMEM199,13.7,0
DENND11,13.7,0
SRSF8,13.7,0
PLEKHA5,13.6,0
SPECC1L,13.6,0
ELL,13.6,0
BLVRA,13.6,0
CUL2,13.6,0
SLC35F5,13.6,0
SSX2IP,13.6,0
KDM3B,13.6,0
ZMYM2,13.6,0
ZNF205,13.6,0
KLF16,13.6,0
GTPBP3,13.6,0
NUP58,13.6,0
SDE2,13.6,0
NIPSNAP2,13.6,0
MFSD14B,13.6,0
TBCEL,13.6,0
GTF2A1,13.6,0
NPIPB12,13.6,0
ZNF217,13.6,0
PRL,13.6,0
ZNF408,13.6,0
SERTAD2,13.6,0
ZNF181,13.6,0
ZXDB,13.6,0
IGHV1-18,13.6,0
HIPK2,13.5,0
NECAP1,13.5,0
RBBP8,13.5,0
NKAP,13.5,0
CHRAC1,13.5,0
KAT2A,13.5,0
HARS2,13.5,0
TRMT1L,13.5,0
OCRL,13.5,0
HCST,13.5,0
LSM8,13.5,0
SP110,13.5,0
UGGT1,13.5,0
CGREF1,13.5,0
LNPK,13.5,0
PAK1,13.5,0
RABGAP1L,13.5,0
APOOL,13.5,0
MED19,13.5,0
ATAD3B,13.5,0
SCNN1D,13.5,0
ERAP2,13.5,0
RSRC1,13.5,0
ZNF771,13.5,0
EHMT1,13.5,0
SERTAD1,13.5,0
IGLV4-69,13.5,0
SRCIN1,13.5,0
CREBBP,13.4,0
VPS35L,13.4,0
STK3,13.4,0
KLHDC4,13.4,0
MAGOHB,13.4,0
TMCO6,13.4,0
SLC41A3,13.4,0
FBXW2,13.4,0
ACOT9,13.4,0
MGME1,13.4,0
SMARCA4,13.4,0
COLGALT1,13.4,0
PNPLA7,13.4,0
DCAF15,13.4,0
VPS54,13.4,0
VIPAS39,13.4,0
RBMS1,13.4,0
DEDD2,13.4,0
NUP35,13.4,0
TRIM44,13.4,0
ZNF266,13.4,0
ZBTB7A,13.4,0
PTPRCAP,13.4,0
CCNQ,13.4,0
PIK3C2A,13.3,0
SLC30A9,13.3,0
RIPOR3,13.3,0
ELN,13.3,0
MON2,13.3,0
MRGBP,13.3,0
TIMMDC1,13.3,0
TMCO3,13.3,0
ADGRL4,13.3,0
TNFRSF11B,13.3,0
R3HCC1L,13.3,0
RBPMS2,13.3,0
ADRB2,13.3,0
SLC33A1,13.3,0
ZNF581,13.3,0
P4HTM,13.3,0
CMTR2,13.3,0
LHFPL6,13.3,0
PPT2,13.3,0
SOAT1,13.2,0
PPP1R12A,13.2,0
PPP2R5B,13.2,0
EIF4G3,13.2,0
DICER1,13.2,0
CRYM,13.2,0
SMC3,13.2,0
TRAK2,13.2,0
GLE1,13.2,0
ADCK2,13.2,0
CREBZF,13.2,0
LRPPRC,13.2,0
CREB3L4,13.2,0
SPATA2L,13.2,0
ANO10,13.2,0
CUL5,13.2,0
ATP9B,13.2,0
C3orf38,13.2,0
H2BC4,13.2,0
C2orf76,13.2,0
ZBTB44,13.2,0
YRDC,13.2,0
ENTPD4,13.2,0
PELI1,13.2,0
IGHV4-39,13.2,0
ELFN1,13.2,0
IGKV1-17,13.2,0
HYPK,13.2,0
PRKDC,13.2,0
SNX24,13.1,0
COL5A3,13.1,0
KDM2B,13.1,0
HCK,13.1,0
BLMH,13.1,0
LPXN,13.1,0
GTF2H3,13.1,0
SUDS3,13.1,0
UNC93A,13.1,0
TGFB3,13.1,0
FRMD8,13.1,0
SERGEF,13.1,0
KRI1,13.1,0
KRAS,13.1,0
WDR36,13.1,0
NUDT15,13.1,0
MRPL50,13.1,0
IFIT5,13.1,0
GBP4,13.1,0
RFT1,13.1,0
CLMN,13.1,0
PTER,13.1,0
IDH3A,13.1,0
TRUB2,13.1,0
MEX3C,13.1,0
CHST15,13.1,0
TAF9B,13.1,0
CACNA1H,13.1,0
MAP3K3,13.1,0
ZNF316,13.1,0
LIN37,13.1,0
CTDP1,13,0
ADAMTS2,13,0
ESF1,13,0
PYCARD,13,0
GABPB1,13,0
ATG4D,13,0
ISG20L2,13,0
ZMYM3,13,0
NOCT,13,0
GEMIN6,13,0
ACSS1,13,0
TSPAN33,13,0
CSGALNACT2,13,0
ZNF282,13,0
ANKS4B,13,0
AEN,13,0
ANKFY1,13,0
DXO,13,0
ZSWIM7,13,0
TMEM150C,13,0
HNF1B,13,0
SNX11,12.9,0
RHBDF1,12.9,0
YIPF1,12.9,0
NSF,12.9,0
DNM1L,12.9,0
THOC5,12.9,0
PIGU,12.9,0
CCDC86,12.9,0
WRAP73,12.9,0
ICMT,12.9,0
NECAB3,12.9,0
CDK7,12.9,0
LAMC1,12.9,0
SSH2,12.9,0
C1orf131,12.9,0
BCL2L11,12.9,0
SIK3,12.9,0
TYW3,12.9,0
AGGF1,12.9,0
TMED3,12.9,0
USP19,12.9,0
SMARCC1,12.9,0
CHD2,12.9,0
B3GALT6,12.9,0
FAM83H,12.9,0
HDDC3,12.9,0
BRF1,12.9,0
BRCC3,12.9,0
GRK6,12.9,0
KIFBP,12.9,0
NBDY,12.9,0
CLCN6,12.8,0
TBPL1,12.8,0
MFAP3,12.8,0
ANAPC4,12.8,0
CST7,12.8,0
BTAF1,12.8,0
ABCD1,12.8,0
PIGL,12.8,0
EFEMP1,12.8,0
TBCC,12.8,0
TRAFD1,12.8,0
TMOD3,12.8,0
GPR107,12.8,0
HAUS1,12.8,0
RAD17,12.8,0
CIART,12.8,0
ABRAXAS2,12.8,0
PIP4K2C,12.8,0
IGHJ2,12.8,0
ENSG00000284976,12.8,0
STOML1,12.7,0
TMEM131,12.7,0
PIK3C3,12.7,0
FYB1,12.7,0
UNC13D,12.7,0
USP11,12.7,0
MON1B,12.7,0
SGK3,12.7,0
PAK1IP1,12.7,0
ABCB6,12.7,0
DARS2,12.7,0
EMC1,12.7,0
LSP1,12.7,0
NAPG,12.7,0
NUP42,12.7,0
MRPL17,12.7,0
ANAPC10,12.7,0
REEP4,12.7,0
ADAM9,12.7,0
COQ2,12.7,0
TEAD1,12.7,0
TMA16,12.7,0
PIGBOS1,12.7,0
RASSF5,12.7,0
POM121C,12.7,0
ORAI1,12.7,0
IQCJ-SCHIP1,12.7,0
CRY1,12.6,0
PRSS3,12.6,0
RTN4R,12.6,0
ZNF275,12.6,0
EFNA2,12.6,0
BEX4,12.6,0
SLC16A10,12.6,0
PPL,12.6,0
UBN1,12.6,0
IFI27L2,12.6,0
DOCK6,12.6,0
ENOSF1,12.6,0
BMAL1,12.6,0
PARP16,12.6,0
FOXK2,12.6,0
TIMM29,12.6,0
FIP1L1,12.6,0
ABT1,12.6,0
EEF1AKMT1,12.6,0
CETN3,12.6,0
USP1,12.6,0
C2CD2L,12.6,0
RELN,12.6,0
GNL1,12.6,0
ANKRD28,12.6,0
IGLV8-61,12.6,0
RC3H2,12.5,0
CDK14,12.5,0
PTPRH,12.5,0
CADPS2,12.5,0
ALG9,12.5,0
CLEC11A,12.5,0
ARHGEF2,12.5,0
P3H1,12.5,0
WDR55,12.5,0
ARMC7,12.5,0
TUBGCP6,12.5,0
CCDC32,12.5,0
PHF20L1,12.5,0
RAB2B,12.5,0
USPL1,12.5,0
UGT2A3,12.5,0
IL6,12.5,0
DYNC2LI1,12.5,0
PPCDC,12.5,0
TATDN2,12.5,0
SLC37A3,12.5,0
RRP1,12.5,0
TTC9C,12.5,0
CCDC51,12.5,0
SEPTIN8,12.5,0
SHH,12.5,0
ZSCAN21,12.5,0
ZRSR2,12.5,0
PAWR,12.5,0
RCC1,12.5,0
NOC4L,12.5,0
MOSMO,12.5,0
ANAPC7,12.5,0
ZBTB14,12.5,0
DNAJC9,12.5,0
TSPOAP1,12.4,0
MARK4,12.4,0
CCDC22,12.4,0
LY86,12.4,0
PRDM2,12.4,0
ITGB1BP1,12.4,0
ZNF133,12.4,0
UNK,12.4,0
ZNF280D,12.4,0
FNBP1L,12.4,0
TLE3,12.4,0
FAM50B,12.4,0
ITPRIP,12.4,0
HSPA13,12.4,0
DFFA,12.4,0
ACP6,12.4,0
ERMAP,12.4,0
RP9,12.4,0
TTC8,12.4,0
C15orf40,12.4,0
RNF34,12.4,0
CERS6,12.4,0
PHF8,12.4,0
POGLUT3,12.4,0
TPPP2,12.4,0
SYNE4,12.4,0
PTAR1,12.4,0
RRP7A,12.4,0
ZNF814,12.4,0
TRBC2,12.4,0
KDM5D,12.3,0
VPS13D,12.3,0
DHX29,12.3,0
ACSL4,12.3,0
ADGRF5,12.3,0
NUP37,12.3,0
ATRX,12.3,0
SOS2,12.3,0
RP2,12.3,0
SETD6,12.3,0
DNMBP,12.3,0
NPRL2,12.3,0
LRIF1,12.3,0
KLF2,12.3,0
DOHH,12.3,0
EMC8,12.3,0
PCBD2,12.3,0
AOAH,12.3,0
GATA6,12.3,0
PIGK,12.3,0
GPM6A,12.3,0
ELK4,12.3,0
NAA15,12.3,0
HEXIM2,12.3,0
TPSAB1,12.3,0
FAM210A,12.3,0
TPSB2,12.3,0
RAB40C,12.3,0
ENSG00000257767,12.3,0
IGHV2-70,12.3,0
NFYA,12.2,0
ZW10,12.2,0
PEX1,12.2,0
FAM98C,12.2,0
RFX5,12.2,0
ZNF18,12.2,0
RUSC1,12.2,0
ZBTB5,12.2,0
ONECUT1,12.2,0
ZNF160,12.2,0
RALGAPA1,12.2,0
TOM1L2,12.2,0
PLCXD1,12.2,0
ENSG00000284779,12.2,0
TRIT1,12.1,0
POLR3E,12.1,0
FUNDC1,12.1,0
USP40,12.1,0
PDCD7,12.1,0
TANGO6,12.1,0
CD276,12.1,0
ATP13A1,12.1,0
RFC5,12.1,0
ZNF451,12.1,0
KDM3A,12.1,0
COIL,12.1,0
SMU1,12.1,0
ST3GAL3,12.1,0
DPH2,12.1,0
EPSTI1,12.1,0
POSTN,12.1,0
SEMA6C,12.1,0
FERMT3,12.1,0
MAGI1,12.1,0
PANK4,12.1,0
CRYAA,12.1,0
EXTL2,12.1,0
SLMAP,12.1,0
FAM219A,12.1,0
TRUB1,12.1,0
VPS39,12.1,0
GON7,12.1,0
PODN,12.1,0
TSHZ2,12.1,0
CCDC125,12.1,0
KLHDC8B,12.1,0
IGF2R,12.1,0
GPATCH3,12.1,0
PRRC2B,12.1,0
FAS,12,0
ZC3H11A,12,0
ZNF268,12,0
KDELR3,12,0
TRIP11,12,0
PPP1R13L,12,0
PRKD2,12,0
WNT3,12,0
CAMTA2,12,0
CD69,12,0
ZNF684,12,0
SEC22A,12,0
MAP1S,12,0
VPS37B,12,0
UNC45A,12,0
ZMYM4,12,0
BTG3,12,0
CLIC2,12,0
APPL1,12,0
USP24,12,0
SNX7,12,0
PGGT1B,12,0
HNF4G,12,0
ZNF83,12,0
KLHL15,12,0
CCDC71,12,0
ZNF721,12,0
NELFA,12,0
ARL4C,12,0
PRR22,12,0
GANC,12,0
ENSG00000258311,12,0
ZNF224,12,0
CCL3,12,0
SEC61A2,11.9,0
TNRC6A,11.9,0
GLA,11.9,0
NPM3,11.9,0
ARHGAP21,11.9,0
STX2,11.9,0
ORC4,11.9,0
CD58,11.9,0
DESI2,11.9,0
NT5C3A,11.9,0
WDR44,11.9,0
GIMAP6,11.9,0
NEIL1,11.9,0
BBS4,11.9,0
CASK,11.9,0
INPP5E,11.9,0
CMIP,11.9,0
MMP14,11.9,0
MON1A,11.9,0
NIPBL,11.9,0
CTRB2,11.9,0
SIN3A,11.9,0
CTU2,11.9,0
LONRF3,11.9,0
NR2C2,11.9,0
DTX3,11.9,0
ZNF467,11.9,0
INTS5,11.9,0
IGHV3-49,11.9,0
GLI4,11.9,0
CYP3A7-CYP3A51P,11.9,0
CALCRL,11.8,0
EED,11.8,0
CDC14B,11.8,0
XIAP,11.8,0
UBE2W,11.8,0
CCSER2,11.8,0
PNO1,11.8,0
PYROXD2,11.8,0
FAM53C,11.8,0
CNTFR,11.8,0
SRD5A3,11.8,0
FAM104A,11.8,0
C12orf29,11.8,0
PDPK1,11.8,0
PAMR1,11.8,0
KYAT1,11.8,0
SLC25A33,11.8,0
ZMAT3,11.8,0
CYB5D1,11.8,0
CNOT10,11.8,0
MFAP5,11.8,0
YTHDC2,11.7,0
MSANTD3,11.7,0
L2HGDH,11.7,0
RNF125,11.7,0
SNAPC2,11.7,0
TBC1D9,11.7,0
ASCC3,11.7,0
PER2,11.7,0
GLIPR1,11.7,0
TMX1,11.7,0
TCF7L1,11.7,0
SLC25A45,11.7,0
KIAA1522,11.7,0
VIRMA,11.7,0
TMEM68,11.7,0
IL7R,11.7,0
DENND5B,11.7,0
TRMT61B,11.7,0
PRKCE,11.7,0
ZNF131,11.7,0
THAP6,11.7,0
HAPLN4,11.7,0
ATG7,11.7,0
STK38L,11.7,0
FASTKD5,11.7,0
SMIM27,11.7,0
ALKBH6,11.7,0
TBXAS1,11.6,0
LYRM2,11.6,0
SUSD6,11.6,0
TRIM35,11.6,0
STN1,11.6,0
MADD,11.6,0
SLF2,11.6,0
RBM19,11.6,0
ARFGEF2,11.6,0
UPF3B,11.6,0
PRKRIP1,11.6,0
PATJ,11.6,0
GRHL1,11.6,0
CERS5,11.6,0
BCAS3,11.6,0
RASA1,11.6,0
BLOC1S4,11.6,0
NF1,11.6,0
ZNF335,11.6,0
ZNF251,11.6,0
CEMP1,11.6,0
C1QTNF5,11.6,0
PRAF2,11.6,0
ZCCHC3,11.6,0
LAS1L,11.5,0
SIRT6,11.5,0
RIN3,11.5,0
CARD8,11.5,0
TESK1,11.5,0
PPP1R9B,11.5,0
IL10RA,11.5,0
CYTIP,11.5,0
PHF13,11.5,0
FAM117A,11.5,0
PYROXD1,11.5,0
ENKD1,11.5,0
ZNF331,11.5,0
GGACT,11.5,0
CDK5RAP2,11.5,0
GXYLT1,11.5,0
FUT6,11.5,0
AMDHD2,11.5,0
FLYWCH2,11.5,0
RPS6KA4,11.5,0
RCHY1,11.5,0
TMEM161B,11.5,0
FRAT1,11.5,0
CDK12,11.5,0
SERF1A,11.5,0
LIG4,11.5,0
EIF3F,11.5,0
ZNF784,11.5,0
TMEM30B,11.5,0
TTC32,11.5,0
TMEM116,11.5,0
ZNF579,11.5,0
ZNF195,11.4,0
SIKE1,11.4,0
CPA1,11.4,0
IKZF5,11.4,0
ARHGEF18,11.4,0
APBA1,11.4,0
MAP2K6,11.4,0
CDK18,11.4,0
KHDRBS3,11.4,0
KCNK1,11.4,0
RARS2,11.4,0
ZC3H18,11.4,0
VPS11,11.4,0
METTL3,11.4,0
CTRB1,11.4,0
ADRA1B,11.4,0
RIOX2,11.4,0
RAB37,11.4,0
MTHFR,11.4,0
RABEP2,11.4,0
CREB3L2,11.4,0
KPNA4,11.4,0
SF3B3,11.4,0
MRTFA,11.4,0
TRIM33,11.4,0
RUSC2,11.4,0
MYCBP,11.4,0
STIMATE-MUSTN1,11.4,0
SMIM3,11.4,0
AGK,11.3,0
ALG1,11.3,0
GALC,11.3,0
DNAL4,11.3,0
LMF1,11.3,0
ABHD17B,11.3,0
CCDC6,11.3,0
ASF1A,11.3,0
TBP,11.3,0
LDAH,11.3,0
CCZ1,11.3,0
GNG11,11.3,0
POMT1,11.3,0
MDFIC,11.3,0
LRRC32,11.3,0
RNF121,11.3,0
HERC3,11.3,0
PIK3C2G,11.3,0
CCDC97,11.3,0
CELA3A,11.3,0
TRIM41,11.3,0
PTPRJ,11.3,0
TMEM218,11.3,0
COA7,11.3,0
DENND2D,11.3,0
CCNYL1,11.3,0
COL6A3,11.3,0
SELL,11.3,0
ERI2,11.3,0
CCHCR1,11.3,0
FNIP1,11.3,0
NUDT3,11.3,0
MIPEP,11.2,0
KIF1B,11.2,0
DDHD2,11.2,0
DOCK9,11.2,0
TTI1,11.2,0
ZMIZ1,11.2,0
ITFG2,11.2,0
ARMH3,11.2,0
CFP,11.2,0
TRMO,11.2,0
LRRC14,11.2,0
DNALI1,11.2,0
TRMT61A,11.2,0
DNAJC30,11.2,0
FBXO34,11.2,0
SH3BGR,11.2,0
TYW1,11.2,0
PET117,11.2,0
YAE1,11.2,0
PINX1,11.2,0
SKAP2,11.1,0
TEAD3,11.1,0
FAM76A,11.1,0
ARID4B,11.1,0
USP36,11.1,0
CLASP1,11.1,0
MZF1,11.1,0
SBF1,11.1,0
CHD8,11.1,0
NXT2,11.1,0
KNSTRN,11.1,0
BCAR3,11.1,0
RILPL2,11.1,0
OTULIN,11.1,0
RAB28,11.1,0
WDR90,11.1,0
NEMF,11.1,0
BAG5,11.1,0
FRS2,11.1,0
PTPRM,11.1,0
TYMS,11.1,0
FKRP,11.1,0
ENPP7,11.1,0
HSPA14,11.1,0
ZNF84,11.1,0
SAP25,11.1,0
NBPF26,11.1,0
SNURF,11.1,0
ENSG00000286264,11.1,0
MYCBP2,11,0
LIMCH1,11,0
JADE1,11,0
GSK3B,11,0
IFT74,11,0
KLHL22,11,0
NUP107,11,0
CRYBG1,11,0
BYSL,11,0
FAM193A,11,0
VPS4A,11,0
DMTF1,11,0
MFSD9,11,0
DMAC1,11,0
BAHD1,11,0
ULK3,11,0
NKAPD1,11,0
FRMD4A,11,0
TPCN2,11,0
CENPV,11,0
VPS37C,11,0
SSH3,11,0
BORCS6,11,0
TMEM184B,11,0
PPP1R3E,11,0
PLEKHO2,11,0
P2RY11,11,0
ATOSB,10.9,0
RABGAP1,10.9,0
BAK1,10.9,0
SH3YL1,10.9,0
RSF1,10.9,0
MXD1,10.9,0
SEL1L3,10.9,0
HIVEP1,10.9,0
ERICH1,10.9,0
ACAP2,10.9,0
GNLY,10.9,0
IL1R2,10.9,0
CREB1,10.9,0
SNX19,10.9,0
PXDN,10.9,0
HSD17B3,10.9,0
TBC1D8B,10.9,0
TLR2,10.9,0
RIT1,10.9,0
INTS3,10.9,0
DIAPH2,10.9,0
CNDP1,10.9,0
C12orf43,10.9,0
PPP1R21,10.9,0
EIF4E3,10.9,0
ZNF148,10.9,0
ZFYVE1,10.9,0
TRAPPC9,10.9,0
CCDC126,10.9,0
ZNF277,10.9,0
TRIM39,10.9,0
UQCC3,10.9,0
MYO19,10.9,0
BOD1L1,10.8,0
NCK2,10.8,0
XRCC1,10.8,0
TEAD2,10.8,0
PCNX1,10.8,0
CLASRP,10.8,0
MYH14,10.8,0
DIS3L2,10.8,0
TSLP,10.8,0
PCGF6,10.8,0
MNDA,10.8,0
RPP14,10.8,0
PIGO,10.8,0
ABTB2,10.8,0
SEMA4C,10.8,0
LGALS9,10.8,0
KRT13,10.8,0
SMURF1,10.8,0
IGKV2D-28,10.8,0
THTPA,10.8,0
CFAP298-TCP10L,10.8,0
EDC4,10.7,0
TBC1D22A,10.7,0
REST,10.7,0
IPO11,10.7,0
RNMT,10.7,0
AXIN1,10.7,0
DTWD1,10.7,0
PHF14,10.7,0
KCTD10,10.7,0
MSH3,10.7,0
GTF3C3,10.7,0
SLC25A16,10.7,0
WDR24,10.7,0
MYBBP1A,10.7,0
RBMX2,10.7,0
SKP2,10.7,0
RGS10,10.7,0
ESAM,10.7,0
NDUFV3,10.7,0
LBHD1,10.7,0
NCKAP5L,10.7,0
PXK,10.7,0
C2orf68,10.7,0
NRTN,10.7,0
EID2,10.7,0
FBXL6,10.7,0
RGPD2,10.7,0
ZNF75D,10.7,0
BLOC1S5,10.7,0
DENND4B,10.7,0
SCYL3,10.6,0
FAM168A,10.6,0
DIP2B,10.6,0
EVI5,10.6,0
KIZ,10.6,0
RNF215,10.6,0
RSRC2,10.6,0
C2CD5,10.6,0
KLRB1,10.6,0
RNF19B,10.6,0
MYCL,10.6,0
MTRF1,10.6,0
DCAF10,10.6,0
SLC35E1,10.6,0
VPS45,10.6,0
PPOX,10.6,0
MR1,10.6,0
PCNT,10.6,0
MAML1,10.6,0
IFI27L1,10.6,0
TMEM170A,10.6,0
ZNF558,10.6,0
NME6,10.6,0
PACS1,10.6,0
EPOR,10.6,0
ZNF559,10.6,0
LCMT1,10.6,0
TRBC1,10.6,0
SLC10A5,10.6,0
MSL3,10.5,0
CHFR,10.5,0
ANKRD24,10.5,0
ZMYND8,10.5,0
CRNKL1,10.5,0
RAPGEFL1,10.5,0
DSE,10.5,0
CD86,10.5,0
NOL10,10.5,0
TMTC4,10.5,0
MTERF1,10.5,0
CNN1,10.5,0
DDA1,10.5,0
RNF38,10.5,0
GIT2,10.5,0
LRIG1,10.5,0
KLHL8,10.5,0
TIFA,10.5,0
ASB6,10.5,0
FBXO4,10.5,0
PDK1,10.5,0
PAN3,10.5,0
CXCL13,10.5,0
AZI2,10.5,0
GAPVD1,10.5,0
NDST2,10.5,0
ZNF592,10.5,0
ENGASE,10.5,0
APEX2,10.5,0
ZBTB21,10.5,0
EDC3,10.5,0
WWOX,10.5,0
RSBN1L,10.5,0
GSPT2,10.5,0
MIB2,10.5,0
IGHV3-21,10.5,0
CEP95,10.5,0
USP28,10.4,0
WDR3,10.4,0
UBE2D4,10.4,0
ZNF446,10.4,0
NLK,10.4,0
OSGEP,10.4,0
CDK5RAP1,10.4,0
ZC3HAV1,10.4,0
ABHD11,10.4,0
ANKMY2,10.4,0
MFSD10,10.4,0
PITPNM1,10.4,0
STAMBP,10.4,0
ASCL1,10.4,0
HSPG2,10.4,0
POGK,10.4,0
TLK2,10.4,0
SLC30A6,10.4,0
MIER3,10.4,0
PABIR2,10.4,0
LRRC58,10.4,0
TLR3,10.4,0
RNF214,10.4,0
ZNF561,10.4,0
EHBP1L1,10.4,0
FAM219B,10.4,0
GNG2,10.4,0
MAFG,10.4,0
ZNF44,10.4,0
DDO,10.4,0
TTC4,10.4,0
DVL2,10.3,0
EHD3,10.3,0
TNC,10.3,0
PIK3CB,10.3,0
OPN3,10.3,0
APPBP2,10.3,0
SPEN,10.3,0
MARK2,10.3,0
PPIL2,10.3,0
VPS18,10.3,0
TFPT,10.3,0
KDM4C,10.3,0
UBE2S,10.3,0
HTRA2,10.3,0
FMOD,10.3,0
ATG4C,10.3,0
IRAK2,10.3,0
KLHL36,10.3,0
WDR20,10.3,0
INTS7,10.3,0
TMF1,10.3,0
NFKBIE,10.3,0
INIP,10.3,0
NBAS,10.3,0
PELO,10.3,0
TRIM56,10.3,0
BRD3,10.3,0
UNC119B,10.3,0
TMEM187,10.3,0
BHLHA15,10.3,0
ADAP2,10.3,0
NR2C2AP,10.3,0
ZFP1,10.3,0
LTN1,10.3,0
C6orf47,10.3,0
TRDC,10.3,0
FGR,10.2,0
FAT1,10.2,0
CSTF1,10.2,0
PRLR,10.2,0
STAM2,10.2,0
RBBP5,10.2,0
RPS6KA1,10.2,0
ZNF337,10.2,0
SOX5,10.2,0
STAT4,10.2,0
SETD1B,10.2,0
FBXL17,10.2,0
RASSF3,10.2,0
AHCTF1,10.2,0
SLC45A3,10.2,0
DNAJB14,10.2,0
SAC3D1,10.2,0
FEN1,10.2,0
CAVIN3,10.2,0
CLEC7A,10.2,0
VMO1,10.2,0
PGP,10.2,0
NF2,10.2,0
HELZ,10.2,0
PHETA1,10.2,0
KLHL9,10.2,0
PNMA6A,10.2,0
TRAPPC2B,10.2,0
ZNF10,10.2,0
SMIM10L1,10.2,0
EPDR1,10.1,0
MAST3,10.1,0
MTAP,10.1,0
KCTD9,10.1,0
GTPBP4,10.1,0
GALNT18,10.1,0
ELK3,10.1,0
TRIM23,10.1,0
FOXP1,10.1,0
NEK4,10.1,0
STAG1,10.1,0
SERPINE2,10.1,0
UCK2,10.1,0
USP21,10.1,0
HNRNPLL,10.1,0
SGCB,10.1,0
ANKRA2,10.1,0
CREBRF,10.1,0
ZNF367,10.1,0
GATAD2A,10.1,0
TK1,10.1,0
UBE2O,10.1,0
VPS37D,10.1,0
ZNF397,10.1,0
TAP2,10.1,0
LAT,10.1,0
DBNDD2,10.1,0
TTC19,10,0
AKAP11,10,0
UBA6,10,0
GMCL1,10,0
GZMK,10,0
DENND1A,10,0
SPRYD7,10,0
POLR1B,10,0
ZBED3,10,0
HUS1,10,0
GOLGA1,10,0
CMTM3,10,0
TMEM91,10,0
MOB3C,10,0
DIPK1B,10,0
LARP6,10,0
DIS3L,10,0
UPF3A,10,0
ZNF212,10,0
SMAGP,10,0
TSNARE1,10,0
C3AR1,10,0
MAB21L4,10,0
ZNF621,10,0
FBXO46,10,0
C18orf32,10,0
FAM167B,10,0
OLFML1,10,0
SIPA1L1,10,0
ARID3C,10,0
IGHV3-15,10,0
MDP1,10,0
